device_type, software_version, UID,Test, batch, weekday, timestamp_iso8601, decimal_hour, bandwidth_FWHM_nm, field_of_view_FWHM_DEG, irradiance_410nm_purple_wavelength_nm, irradiance_410nm_purple_wavelength_uncertainty_nm, irradiance_410nm_purple_irradiance_uW_per_cm_squared, irradiance_410nm_purple_irradiance_uncertainty_uW_per_cm_squared, irradiance_435nm_blue_wavelength_nm, irradiance_435nm_blue_wavelength_uncertainty_nm, irradiance_435nm_blue_irradiance_uW_per_cm_squared, irradiance_435nm_blue_irradiance_uncertainty_uW_per_cm_squared, irradiance_460nm_dodgerblue_wavelength_nm, irradiance_460nm_dodgerblue_wavelength_uncertainty_nm, irradiance_460nm_dodgerblue_irradiance_uW_per_cm_squared, irradiance_460nm_dodgerblue_irradiance_uncertainty_uW_per_cm_squared, irradiance_485nm_cyan_wavelength_nm, irradiance_485nm_cyan_wavelength_uncertainty_nm, irradiance_485nm_cyan_irradiance_uW_per_cm_squared, irradiance_485nm_cyan_irradiance_uncertainty_uW_per_cm_squared, irradiance_510nm_green_wavelength_nm, irradiance_510nm_green_wavelength_uncertainty_nm, irradiance_510nm_green_irradiance_uW_per_cm_squared, irradiance_510nm_green_irradiance_uncertainty_uW_per_cm_squared, irradiance_535nm_aquamarine_wavelength_nm, irradiance_535nm_aquamarine_wavelength_uncertainty_nm, irradiance_535nm_aquamarine_irradiance_uW_per_cm_squared, irradiance_535nm_aquamarine_irradiance_uncertainty_uW_per_cm_squared, irradiance_560nm_limegreen_wavelength_nm, irradiance_560nm_limegreen_wavelength_uncertainty_nm, irradiance_560nm_limegreen_irradiance_uW_per_cm_squared, irradiance_560nm_limegreen_irradiance_uncertainty_uW_per_cm_squared, irradiance_585nm_yellow_wavelength_nm, irradiance_585nm_yellow_wavelength_uncertainty_nm, irradiance_585nm_yellow_irradiance_uW_per_cm_squared, irradiance_585nm_yellow_irradiance_uncertainty_uW_per_cm_squared, irradiance_610nm_orange_wavelength_nm, irradiance_610nm_orange_wavelength_uncertainty_nm, irradiance_610nm_orange_irradiance_uW_per_cm_squared, irradiance_610nm_orange_irradiance_uncertainty_uW_per_cm_squared, irradiance_645nm_red_wavelength_nm, irradiance_645nm_red_wavelength_uncertainty_nm, irradiance_645nm_red_irradiance_uW_per_cm_squared, irradiance_645nm_red_irradiance_uncertainty_uW_per_cm_squared, irradiance_680nm_black_wavelength_nm, irradiance_680nm_black_wavelength_uncertainty_nm, irradiance_680nm_black_irradiance_uW_per_cm_squared, irradiance_680nm_black_irradiance_uncertainty_uW_per_cm_squared, irradiance_705nm_brown_wavelength_nm, irradiance_705nm_brown_wavelength_uncertainty_nm, irradiance_705nm_brown_irradiance_uW_per_cm_squared, irradiance_705nm_brown_irradiance_uncertainty_uW_per_cm_squared, irradiance_730nm_gray_wavelength_nm, irradiance_730nm_gray_wavelength_uncertainty_nm, irradiance_730nm_gray_irradiance_uW_per_cm_squared, irradiance_730nm_gray_irradiance_uncertainty_uW_per_cm_squared, irradiance_760nm_silver_wavelength_nm, irradiance_760nm_silver_wavelength_uncertainty_nm, irradiance_760nm_silver_irradiance_uW_per_cm_squared, irradiance_760nm_silver_irradiance_uncertainty_uW_per_cm_squared, irradiance_810nm_lightgray_wavelength_nm, irradiance_810nm_lightgray_wavelength_uncertainty_nm, irradiance_810nm_lightgray_irradiance_uW_per_cm_squared, irradiance_810nm_lightgray_irradiance_uncertainty_uW_per_cm_squared, irradiance_860nm_linen_wavelength_nm, irradiance_860nm_linen_wavelength_uncertainty_nm, irradiance_860nm_linen_irradiance_uW_per_cm_squared, irradiance_860nm_linen_irradiance_uncertainty_uW_per_cm_squared, irradiance_900nm_wheat_wavelength_nm, irradiance_900nm_wheat_wavelength_uncertainty_nm, irradiance_900nm_wheat_irradiance_uW_per_cm_squared, irradiance_900nm_wheat_irradiance_uncertainty_uW_per_cm_squared, irradiance_940nm_gold_wavelength_nm, irradiance_940nm_gold_wavelength_uncertainty_nm, irradiance_940nm_gold_irradiance_uW_per_cm_squared, irradiance_940nm_gold_irradiance_uncertainty_uW_per_cm_squared, battery_voltage, battery_percent
STELLA-Q2, 2.4.0,6858,White Card Full Sun,1, Friday, 20240209T192947Z,19.4964,20,20,410,10,11023.2,1322.79,435,10,18364.1,2203.69,460,10,21736.5,2608.38,485,10,20771.9,2492.63,510,10,19194.6,2303.35,535,10,17231.5,2067.77,560,10,11408.6,1369.03,585,10,11618.4,1394.21,610,10,28304,3396.48,645,10,9668.81,1160.26,680,10,24642.4,2957.09,705,10,8495.6,1019.47,730,10,21078.1,2529.38,760,10,19296.1,2315.53,810,10,22544.5,2705.34,860,10,22076.6,2649.19,900,10,5217.29,626.075,940,10,3449.99,413.999,4.16,98
STELLA-Q2, 2.4.0,6858,White Card Full Sun,1, Friday, 20240209T192949Z,19.4969,20,20,410,10,11152.6,1338.31,435,10,18518,2222.17,460,10,21925.9,2631.11,485,10,21171,2540.52,510,10,19488.1,2338.57,535,10,17341,2080.92,560,10,11925.1,1431.01,585,10,11985.7,1438.29,610,10,28982,3477.84,645,10,9856.45,1182.77,680,10,24878.8,2985.45,705,10,8660.29,1039.23,730,10,21344.2,2561.3,760,10,19561.6,2347.4,810,10,23011.1,2761.33,860,10,22449.1,2693.89,900,10,5314.53,637.744,940,10,3517.93,422.152,4.16,98
STELLA-Q2, 2.4.0,6858,White Card Full Sun,1, Friday, 20240209T192950Z,19.4972,20,20,410,10,11366.1,1363.94,435,10,19101.1,2292.13,460,10,22910,2749.2,485,10,21599.8,2591.98,510,10,20161.4,2419.36,535,10,18128.3,2175.39,560,10,12005.1,1440.61,585,10,12117.2,1454.06,610,10,29403.7,3528.44,645,10,10041.9,1205.02,680,10,25383.4,3046.01,705,10,8942.14,1073.06,730,10,21716.9,2606.03,760,10,19992.1,2399.05,810,10,23402.8,2808.33,860,10,22932,2751.84,900,10,5423.45,650.814,940,10,3606.17,432.74,4.16,98
STELLA-Q2, 2.4.0,6858,White Card Full Sun,1, Friday, 20240209T192952Z,19.4978,20,20,410,10,11495.5,1379.46,435,10,19306,2316.72,460,10,23413.3,2809.59,485,10,22025.2,2643.03,510,10,20297.5,2435.7,535,10,18408.4,2209.01,560,10,12599.5,1511.94,585,10,12607.1,1512.85,610,10,30350.6,3642.07,645,10,10272.8,1232.74,680,10,26468.1,3176.17,705,10,9198.19,1103.78,730,10,22098.3,2651.79,760,10,20318.6,2438.23,810,10,23881.5,2865.78,860,10,23484.2,2818.1,900,10,5565.7,667.884,940,10,3707.64,444.917,4.16,98
STELLA-Q2, 2.4.0,6858,White Card Full Sun,1, Friday, 20240209T192953Z,19.498,20,20,410,10,11367,1364.04,435,10,19118.4,2294.21,460,10,23141.2,2776.95,485,10,21663.5,2599.62,510,10,20013.6,2401.63,535,10,18184,2182.08,560,10,12399.6,1487.95,585,10,12410.4,1489.24,610,10,29996.2,3599.54,645,10,10137.4,1216.48,680,10,26273,3152.76,705,10,9059.3,1087.12,730,10,21903.7,2628.44,760,10,20124,2414.88,810,10,23655,2838.6,860,10,23135.2,2776.23,900,10,5476.79,657.215,940,10,3658.23,438.987,4.16,98
STELLA-Q2, 2.4.0,6858,White Card Full Sun,1, Friday, 20240209T192955Z,19.4986,20,20,410,10,11349.1,1361.9,435,10,19070.3,2288.44,460,10,23044.7,2765.36,485,10,21535.3,2584.23,510,10,19935.6,2392.27,535,10,18111.4,2173.37,560,10,12289.4,1474.73,585,10,12289.5,1474.73,610,10,29645.2,3557.43,645,10,10069.6,1208.35,680,10,26010.9,3121.3,705,10,8986.97,1078.44,730,10,21725.5,2607.07,760,10,19945.9,2393.51,810,10,23386.7,2806.4,860,10,22943.7,2753.25,900,10,5445.12,653.414,940,10,3624.7,434.964,4.16,98
STELLA-Q2, 2.4.0,6858,White Card Full Sun,1, Friday, 20240209T192957Z,19.4992,20,20,410,10,11313.4,1357.61,435,10,18991.4,2278.97,460,10,22938.8,2752.66,485,10,21459.7,2575.17,510,10,19885.6,2386.27,535,10,18081.6,2169.79,560,10,12265.8,1471.89,585,10,12252,1470.24,610,10,29450.4,3534.04,645,10,10021.5,1202.58,680,10,25881.9,3105.82,705,10,8958.11,1074.97,730,10,21616.5,2593.98,760,10,19879.1,2385.49,810,10,23309.3,2797.11,860,10,22900.2,2748.03,900,10,5430.12,651.614,940,10,3611.46,433.375,4.16,98
STELLA-Q2, 2.4.0,6858,White Card Full Sun,1, Friday, 20240209T192958Z,19.4994,20,20,410,10,11299.8,1355.97,435,10,18973.1,2276.78,460,10,22921.2,2750.54,485,10,21442.7,2573.13,510,10,19858.3,2382.99,535,10,18027.8,2163.33,560,10,12247.4,1469.69,585,10,12238.9,1468.67,610,10,29425.3,3531.04,645,10,10016.3,1201.96,680,10,25861.2,3103.35,705,10,8947.58,1073.71,730,10,21601.6,2592.19,760,10,19859.3,2383.12,810,10,23309.3,2797.11,860,10,22876.7,2745.21,900,10,5428.45,651.414,940,10,3608.82,433.058,4.16,98
STELLA-Q2, 2.4.0,6858,White Card Full Sun,1, Friday, 20240209T193000Z,19.5,20,20,410,10,11269.1,1352.3,435,10,18973.1,2276.78,460,10,22943.5,2753.21,485,10,21362.9,2563.55,510,10,19844.6,2381.35,535,10,17983,2157.96,560,10,12206.7,1464.81,585,10,12198.9,1463.87,610,10,29341,3520.92,645,10,9989.68,1198.76,680,10,25790,3094.8,705,10,8921.09,1070.53,730,10,21563.9,2587.67,760,10,19827.2,2379.26,810,10,23238.4,2788.6,860,10,22812.1,2737.46,900,10,5416.22,649.947,940,10,3601.76,432.211,4.16,98
STELLA-Q2, 2.4.0,6858,White Card Full Sun,1, Friday, 20240209T193001Z,19.5003,20,20,410,10,11284.5,1354.13,435,10,18962.5,2275.5,460,10,22943.5,2753.21,485,10,21410.5,2569.26,510,10,19828.8,2379.46,535,10,17997.3,2159.67,560,10,12226.9,1467.22,585,10,12227.1,1467.25,610,10,29396.8,3527.62,645,10,10020.4,1202.45,680,10,25885,3106.2,705,10,8943.84,1073.26,730,10,21596.9,2591.62,760,10,19865.1,2383.81,810,10,23310.1,2797.21,860,10,22847.4,2741.68,900,10,5429,651.48,940,10,3612.35,433.481,4.16,98
STELLA-Q2, 2.4.0,6858,White Card Full Sun,1, Friday, 20240209T193003Z,19.5008,20,20,410,10,11290.4,1354.85,435,10,18981.8,2277.81,460,10,22976,2757.11,485,10,21429.1,2571.5,510,10,19856.9,2382.83,535,10,18024.5,2162.94,560,10,12242.2,1469.06,585,10,12243.1,1469.17,610,10,29470.9,3536.51,645,10,10031.9,1203.82,680,10,25926.3,3111.15,705,10,8959.8,1075.18,730,10,21632.9,2595.95,760,10,19891.5,2386.98,810,10,23309.3,2797.11,860,10,22893.2,2747.18,900,10,5436.22,652.347,940,10,3617.64,434.117,4.16,98
STELLA-Q2, 2.4.0,6858,White Card Full Sun,1, Friday, 20240209T193005Z,19.5014,20,20,410,10,11307.4,1356.89,435,10,18998.1,2279.78,460,10,23022.4,2762.68,485,10,21479.3,2577.51,510,10,19893.2,2387.18,535,10,18062.1,2167.46,560,10,12275.4,1473.05,585,10,12281.9,1473.82,610,10,29616.7,3554.01,645,10,10085.9,1210.31,680,10,26015,3121.8,705,10,8988.33,1078.6,730,10,21723.2,2606.78,760,10,19982.2,2397.86,810,10,23423.7,2810.85,860,10,22962.5,2755.5,900,10,5467.9,656.148,940,10,3633.52,436.022,4.16,98
STELLA-Q2, 2.4.0,6858,White Card Full Sun,1, Friday, 20240209T193006Z,19.5017,20,20,410,10,11303.2,1356.38,435,10,18994.3,2279.32,460,10,23033.5,2764.02,485,10,21466.5,2575.98,510,10,19890.4,2386.85,535,10,18038.8,2164.65,560,10,12281.1,1473.73,585,10,12290.3,1474.84,610,10,29609.9,3553.19,645,10,10083.7,1210.04,680,10,26027.4,3123.29,705,10,8999.54,1079.94,730,10,21720.1,2606.41,760,10,19979.7,2397.56,810,10,23423.7,2810.85,860,10,22994.2,2759.31,900,10,5467.35,656.081,940,10,3642.35,437.081,4.16,98
STELLA-Q2, 2.4.0,6858,White Card Full Sun,1, Friday, 20240209T193008Z,19.5022,20,20,410,10,11313.4,1357.61,435,10,18997.2,2279.66,460,10,22998.2,2759.79,485,10,21475,2577,510,10,19861.7,2383.4,535,10,18051.8,2166.21,560,10,12256.6,1470.79,585,10,12277.2,1473.27,610,10,29486.8,3538.42,645,10,10054.8,1206.58,680,10,25955.1,3114.62,705,10,8991.38,1078.97,730,10,21666.7,2600,760,10,19924.5,2390.93,810,10,23361.7,2803.4,860,10,22924.9,2750.99,900,10,5453.45,654.414,940,10,3637.93,436.552,4.16,98
STELLA-Q2, 2.4.0,6858,White Card Full Sun,1, Friday, 20240209T193009Z,19.5025,20,20,410,10,11304,1356.48,435,10,18976,2277.12,460,10,23014,2761.68,485,10,21480.9,2577.71,510,10,19883.6,2386.03,535,10,18038.8,2164.65,560,10,12283.7,1474.04,585,10,12292.8,1475.14,610,10,29566.6,3547.99,645,10,10073.3,1208.8,680,10,26002.6,3120.31,705,10,9010.06,1081.21,730,10,21709.1,2605.09,760,10,19975.6,2397.07,810,10,23425.3,2811.04,860,10,23023.6,2762.83,900,10,5469.57,656.348,940,10,3646.76,437.611,4.16,98
STELLA-Q2, 2.4.0,6858,White Card Full Sun,1, Friday, 20240209T193011Z,19.5031,20,20,410,10,11304.9,1356.58,435,10,18982.8,2277.93,460,10,23036.3,2764.36,485,10,21481.8,2577.82,510,10,19889.7,2386.77,535,10,18064.7,2167.77,560,10,12269.7,1472.37,585,10,12303.4,1476.4,610,10,29524.4,3542.93,645,10,10094.8,1211.37,680,10,25978.9,3117.46,705,10,9004.96,1080.59,730,10,21713.8,2605.65,760,10,19973.9,2396.87,810,10,23388.3,2806.59,860,10,23007.2,2760.86,900,10,5480.68,657.681,940,10,3648.52,437.822,4.16,98
STELLA-Q2, 2.4.0,6858,White Card Full Sun,1, Friday, 20240209T193012Z,19.5033,20,20,410,10,11343.2,1361.18,435,10,19050.1,2286.01,460,10,23122.6,2774.72,485,10,21580.3,2589.64,510,10,19946.5,2393.58,535,10,18135.4,2176.25,560,10,12338.4,1480.61,585,10,12357.3,1482.87,610,10,29734.1,3568.09,645,10,10144,1217.28,680,10,26194.6,3143.35,705,10,9071.52,1088.58,730,10,21822.1,2618.65,760,10,20091.9,2411.02,810,10,23559.1,2827.09,860,10,23136.4,2776.37,900,10,5506.24,660.749,940,10,3677.64,441.317,4.16,98
STELLA-Q2, 2.4.0,6858,White Card Full Sun,1, Friday, 20240209T193014Z,19.5039,20,20,410,10,11316.8,1358.01,435,10,19018.4,2282.2,460,10,23103.1,2772.38,485,10,21534.4,2584.13,510,10,19943.1,2393.17,535,10,18104.3,2172.51,560,10,12328.3,1479.4,585,10,12344.2,1481.31,610,10,29741,3568.91,645,10,10135.9,1216.3,680,10,26179.1,3141.49,705,10,9056.58,1086.79,730,10,21829.9,2619.59,760,10,20076.2,2409.14,810,10,23548.6,2825.84,860,10,23155.2,2778.62,900,10,5504.58,660.549,940,10,3669.7,440.364,4.16,98
STELLA-Q2, 2.4.0,6858,White Card Full Sun,1, Friday, 20240209T193016Z,19.5044,20,20,410,10,11307.4,1356.89,435,10,18988.5,2278.62,460,10,23080.9,2769.7,485,10,21465.7,2575.88,510,10,19895.2,2387.42,535,10,18031.6,2163.8,560,10,12348,1481.76,585,10,12364.4,1483.73,610,10,29736.4,3568.37,645,10,10121.4,1214.57,680,10,26167.7,3140.13,705,10,9073.22,1088.79,730,10,21845.6,2621.47,760,10,20097.6,2411.71,810,10,23548.6,2825.84,860,10,23176.4,2781.16,900,10,5502.91,660.349,940,10,3678.52,441.422,4.16,98
STELLA-Q2, 2.4.0,6858,White Card Full Sun,1, Friday, 20240209T193017Z,19.5047,20,20,410,10,11313.4,1357.61,435,10,18989.5,2278.74,460,10,23050.2,2766.03,485,10,21576.9,2589.23,510,10,19930.8,2391.69,535,10,18170.4,2180.45,560,10,12354.6,1482.55,585,10,12376.2,1485.15,610,10,29690.8,3562.9,645,10,10175.5,1221.06,680,10,26207,3144.83,705,10,9145.89,1097.51,730,10,21928,2631.36,760,10,20158.6,2419.04,810,10,23625.2,2835.02,860,10,23129.4,2775.52,900,10,5542.92,665.15,940,10,3716.46,445.975,4.16,98
STELLA-Q2, 2.4.0,6858,White Card Full Sun,1, Friday, 20240209T193019Z,19.5053,20,20,410,10,11522.7,1382.72,435,10,19307,2316.84,460,10,23510.7,2821.29,485,10,22005.7,2640.68,510,10,20359.1,2443.09,535,10,18525.1,2223.01,560,10,12620.5,1514.46,585,10,12644.1,1517.3,610,10,30477.1,3657.25,645,10,10394.2,1247.3,680,10,26872.6,3224.71,705,10,9304.82,1116.58,730,10,22383.9,2686.07,760,10,20568.5,2468.21,810,10,24145.8,2897.5,860,10,23729.7,2847.57,900,10,5647.94,677.753,940,10,3766.76,452.011,4.16,98
STELLA-Q2, 2.4.0,6858,White Card Full Sun,1, Friday, 20240209T193020Z,19.5056,20,20,410,10,11511.6,1381.4,435,10,19320.5,2318.46,460,10,23545.1,2825.41,485,10,21974.3,2636.91,510,10,20405,2448.59,535,10,18486.9,2218.42,560,10,12609.5,1513.15,585,10,12645.8,1517.5,610,10,30431.5,3651.78,645,10,10401.6,1248.19,680,10,26886,3226.32,705,10,9312.96,1117.56,730,10,22398.9,2687.86,760,10,20598.1,2471.78,810,10,24165.2,2899.82,860,10,23759.1,2851.09,900,10,5678.5,681.42,940,10,3776.46,453.175,4.16,98
STELLA-Q2, 2.4.0,6858,White Card Full Sun,1, Friday, 20240209T193022Z,19.5061,20,20,410,10,11503.1,1380.38,435,10,19311.8,2317.42,460,10,23520.9,2822.51,485,10,21980.2,2637.63,510,10,20353,2442.35,535,10,18487.5,2218.5,560,10,12595.1,1511.41,585,10,12617.2,1514.06,610,10,30399.6,3647.95,645,10,10371.6,1244.59,680,10,26798.3,3215.8,705,10,9270.86,1112.5,730,10,22342.4,2681.08,760,10,20528.1,2463.37,810,10,24121.6,2894.6,860,10,23671,2840.52,900,10,5641.27,676.953,940,10,3757.05,450.846,4.16,98
STELLA-Q2, 2.4.0,6858,White Card Full Sun,1, Friday, 20240209T193023Z,19.5064,20,20,410,10,11506.5,1380.78,435,10,19309.9,2317.18,460,10,23498.7,2819.84,485,10,21968.3,2636.2,510,10,20329,2439.48,535,10,18472,2216.63,560,10,12570.6,1508.47,585,10,12590.6,1510.88,610,10,30464.5,3655.74,645,10,10360.5,1243.26,680,10,26773.5,3212.82,705,10,9242.67,1109.12,730,10,22322,2678.63,760,10,20518.2,2462.18,810,10,24096.7,2891.6,860,10,23624,2834.88,900,10,5630.16,675.619,940,10,3739.4,448.728,4.16,98
STELLA-Q2, 2.4.0,6858,White Card Full Sun,1, Friday, 20240209T193025Z,19.5069,20,20,410,10,11449.5,1373.94,435,10,19217.5,2306.1,460,10,23345.5,2801.46,485,10,21796,2615.52,510,10,20189.4,2422.73,535,10,18331.2,2199.75,560,10,12449,1493.88,585,10,12477.3,1497.28,610,10,30104.5,3612.53,645,10,10236.2,1228.34,680,10,26551.6,3186.2,705,10,9171.7,1100.6,730,10,22144.6,2657.35,760,10,20355.7,2442.69,810,10,23923.4,2870.81,860,10,23433.7,2812.04,900,10,5565.7,667.884,940,10,3714.7,445.764,4.16,98
STELLA-Q2, 2.4.0,6858,White Card Full Sun,1, Friday, 20240209T193027Z,19.5075,20,20,410,10,11435.1,1372.21,435,10,19192.5,2303.1,460,10,23294.4,2795.33,485,10,21731.4,2607.77,510,10,20114.2,2413.7,535,10,18287.1,2194.46,560,10,12411.4,1489.37,585,10,12422.6,1490.71,610,10,29949.5,3593.94,645,10,10182.5,1221.9,680,10,26322.5,3158.71,705,10,9093.94,1091.27,730,10,22003.3,2640.4,760,10,20227.9,2427.35,810,10,23735.6,2848.27,860,10,23327.9,2799.35,900,10,5537.36,664.483,940,10,3676.76,441.211,4.16,98
STELLA-Q2, 2.4.0,6858,Asphalt,3, Saturday, 20240427T215429Z,21.908,20,20,410,10,661.99,79.439,435,10,867.838,104.141,460,10,1135.47,136.257,485,10,996.863,119.624,510,10,960.652,115.278,535,10,903.949,108.474,560,10,615.366,73.844,585,10,646.193,77.543,610,10,1540.6,184.872,645,10,552.926,66.351,680,10,1389.09,166.691,705,10,488.655,58.639,730,10,1318.36,158.204,760,10,1283.88,154.066,810,10,1413.56,169.628,860,10,1529.74,183.568,900,10,369.528,44.343,940,10,221.47,26.576,4.12,92
STELLA-Q2, 2.4.0,6858,Asphalt,3, Saturday, 20240427T215430Z,21.9083,20,20,410,10,658.586,79.03,435,10,863.99,103.679,460,10,1132.69,135.923,485,10,994.315,119.318,510,10,959.968,115.196,535,10,907.192,108.863,560,10,615.366,73.844,585,10,646.193,77.543,610,10,1525.79,183.095,645,10,551.816,66.218,680,10,1396.31,167.558,705,10,492.39,59.087,730,10,1316.01,157.921,760,10,1279.76,153.571,810,10,1402.28,168.274,860,10,1530.91,183.709,900,10,366.194,43.943,940,10,220.588,26.471,4.12,92
STELLA-Q2, 2.4.0,6858,Asphalt,3, Saturday, 20240427T215432Z,21.9089,20,20,410,10,659.437,79.132,435,10,863.99,103.679,460,10,1132.69,135.923,485,10,996.863,119.624,510,10,961.336,115.36,535,10,908.488,109.019,560,10,616.678,74.001,585,10,647.457,77.695,610,10,1526.93,183.232,645,10,552.186,66.262,680,10,1395.28,167.434,705,10,492.73,59.128,730,10,1316.01,157.921,760,10,1279.76,153.571,810,10,1405.5,168.66,860,10,1534.44,184.132,900,10,367.305,44.077,940,10,220.588,26.471,4.12,92
STELLA-Q2, 2.4.0,6858,Asphalt,3, Saturday, 20240427T215433Z,21.9092,20,20,410,10,656.884,78.826,435,10,861.103,103.332,460,10,1129.9,135.588,485,10,994.315,119.318,510,10,958.599,115.032,535,10,905.895,108.707,560,10,615.366,73.844,585,10,645.772,77.493,610,10,1524.65,182.958,645,10,551.076,66.129,680,10,1395.28,167.434,705,10,491.711,59.005,730,10,1314.44,157.733,760,10,1276.46,153.175,810,10,1403.09,168.37,860,10,1532.09,183.85,900,10,366.194,43.943,940,10,220.588,26.471,4.12,92
STELLA-Q2, 2.4.0,6858,Grass,2, Friday, 20240209T193046Z,19.5128,20,20,410,10,1606.47,192.777,435,10,1744.34,209.32,460,10,2785.3,334.236,485,10,1656.63,198.795,510,10,1943.88,233.266,535,10,2494.61,299.354,560,10,1612.99,193.558,585,10,1678.25,201.39,610,10,2790.64,334.876,645,10,1044.42,125.33,680,10,3187.89,382.547,705,10,1905.04,228.605,730,10,7494.27,899.313,760,10,8369.54,1004.34,810,10,9276,1113.12,860,10,10365.1,1243.81,900,10,2620.59,314.471,940,10,1560,187.2,4.16,97
STELLA-Q2, 2.4.0,6858,Grass,2, Friday, 20240209T193048Z,19.5133,20,20,410,10,1621.79,194.615,435,10,1757.8,210.937,460,10,2724.03,326.883,485,10,1734.74,208.169,510,10,1926.09,231.131,535,10,2326.02,279.122,560,10,1589.81,190.777,585,10,1690.04,202.805,610,10,2833.94,340.072,645,10,1096.23,131.548,680,10,3050.63,366.076,705,10,1810.64,217.276,730,10,7320.85,878.501,760,10,8086.71,970.405,810,10,9235.71,1108.28,860,10,10105.4,1212.65,900,10,2494.45,299.334,940,10,1500,180,4.16,97
STELLA-Q2, 2.4.0,6858,Grass,2, Friday, 20240209T193049Z,19.5136,20,20,410,10,1658.38,199.005,435,10,1766.46,211.976,460,10,2664.61,319.753,485,10,1783.14,213.977,510,10,1928.15,231.378,535,10,2199.57,263.948,560,10,1540.82,184.899,585,10,1700.57,204.069,610,10,3188.32,382.598,645,10,1167.29,140.075,680,10,2896.86,347.623,705,10,1667.33,200.08,730,10,7464.45,895.734,760,10,7756.05,930.726,810,10,8480.57,1017.67,860,10,9091.48,1090.98,900,10,2406.65,288.798,940,10,1558.23,186.988,4.16,97
STELLA-Q2, 2.4.0,6858,Grass,2, Friday, 20240209T193051Z,19.5142,20,20,410,10,1711.13,205.336,435,10,1788.59,214.631,460,10,2721.24,326.549,485,10,1802.67,216.321,510,10,1941.15,232.938,535,10,2247.55,269.706,560,10,1547.38,185.686,585,10,1719.53,206.344,610,10,3146.16,377.539,645,10,1155.82,138.698,680,10,2795.73,335.487,705,10,1662.24,199.469,730,10,7940.01,952.801,760,10,8352.22,1002.27,810,10,8901.26,1068.15,860,10,9333.52,1120.02,900,10,2562.8,307.536,940,10,1621.76,194.611,4.16,97
STELLA-Q2, 2.4.0,6858,Grass,2, Friday, 20240209T193053Z,19.5147,20,20,410,10,1681.35,201.762,435,10,1768.39,212.207,460,10,2735.17,328.22,485,10,1834.09,220.091,510,10,1919.25,230.31,535,10,2244.31,269.317,560,10,1518.52,182.222,585,10,1713.63,205.636,610,10,3133.63,376.035,645,10,1172.1,140.652,680,10,2719.36,326.323,705,10,1654.77,198.572,730,10,7557.05,906.846,760,10,8221.94,986.633,810,10,9253.44,1110.41,860,10,9819.93,1178.39,900,10,2530.57,303.668,940,10,1550.29,186.035,4.16,97
STELLA-Q2, 2.4.0,6858,Grass,2, Friday, 20240209T193054Z,19.515,20,20,410,10,1706.88,204.825,435,10,1853.06,222.367,460,10,2846.58,341.589,485,10,1879.94,225.593,510,10,2046.52,245.582,535,10,2350.01,282.001,560,10,1654.54,198.544,585,10,1793.67,215.24,610,10,3537.01,424.441,645,10,1289.05,154.686,680,10,3118.75,374.25,705,10,1780.75,213.69,730,10,7479.36,897.523,760,10,7941.58,952.99,810,10,8956.06,1074.73,860,10,9613.14,1153.58,900,10,2437.77,292.533,940,10,1527.35,183.282,4.16,97
STELLA-Q2, 2.4.0,6858,Grass,2, Friday, 20240209T193056Z,19.5156,20,20,410,10,1691.56,202.987,435,10,1842.47,221.097,460,10,2737.95,328.554,485,10,1902.87,228.344,510,10,2015.73,241.887,535,10,2267.01,272.041,560,10,1600.3,192.036,585,10,1783.14,213.977,610,10,3472.06,416.647,645,10,1300.15,156.018,680,10,3335.47,400.256,705,10,1750.53,210.064,730,10,7203.92,864.47,760,10,7328.09,879.371,810,10,8229.13,987.495,860,10,8862.38,1063.48,900,10,2274.96,272.995,940,10,1498.23,179.788,4.16,97
STELLA-Q2, 2.4.0,6858,Grass,2, Friday, 20240209T193058Z,19.5161,20,20,410,10,1666.89,200.026,435,10,1937.72,232.527,460,10,2954.28,354.513,485,10,1952.12,234.254,510,10,2162.83,259.54,535,10,2387.62,286.514,560,10,1659.78,199.174,585,10,1874.55,224.946,610,10,3539.29,424.714,645,10,1349.01,161.881,680,10,3453.12,414.374,705,10,1790.94,214.913,730,10,7369.5,884.34,760,10,7863.25,943.59,810,10,8773.12,1052.77,860,10,9312.37,1117.48,900,10,2406.65,288.798,940,10,1516.76,182.011,4.16,97
STELLA-Q2, 2.4.0,6858,Grass,2, Friday, 20240209T193059Z,19.5164,20,20,410,10,1646.46,197.576,435,10,1954.08,234.489,460,10,3163.17,379.581,485,10,1913.91,229.669,510,10,2213.47,265.616,535,10,2648.3,317.796,560,10,1721.45,206.574,585,10,1863.6,223.632,610,10,3387.73,406.528,645,10,1286.46,154.375,680,10,3662.62,439.514,705,10,1934.58,232.15,730,10,7239.23,868.708,760,10,8162.57,979.509,810,10,8693.33,1043.2,860,10,9532.07,1143.85,900,10,2520.01,302.402,940,10,1521.17,182.541,4.16,97
STELLA-Q2, 2.4.0,6858,Grass,2, Friday, 20240209T193101Z,19.5169,20,20,410,10,1580.1,189.611,435,10,1789.55,214.747,460,10,2854.01,342.481,485,10,1739.84,208.781,510,10,1984.94,238.192,535,10,2439.5,292.74,560,10,1629.61,195.553,585,10,1725.01,207.001,610,10,3093.74,371.249,645,10,1175.43,141.052,680,10,3677.07,441.248,705,10,1862.93,223.552,730,10,6884.53,826.144,760,10,7473.22,896.786,810,10,8219.46,986.335,860,10,9365.24,1123.83,900,10,2349.42,281.93,940,10,1469.11,176.294,4.16,97
STELLA-Q2, 2.4.0,6858,Grass,2, Friday, 20240209T193102Z,19.5172,20,20,410,10,1580.95,189.714,435,10,1780.9,213.707,460,10,2869.79,344.375,485,10,1710.12,205.214,510,10,2000.67,240.081,535,10,2381.13,285.736,560,10,1589.81,190.777,585,10,1711.95,205.434,610,10,3138.18,376.582,645,10,1146.93,137.632,680,10,3600.7,432.083,705,10,1853.42,222.411,730,10,6723.66,806.839,760,10,7229.97,867.596,810,10,8051.03,966.123,860,10,8825.95,1059.11,900,10,2254.95,270.594,940,10,1437.35,172.482,4.16,97
STELLA-Q2, 2.4.0,6858,Grass,2, Friday, 20240209T193104Z,19.5178,20,20,410,10,1655.82,198.699,435,10,1844.4,221.328,460,10,2874.43,344.932,485,10,1755.12,210.615,510,10,2004.09,240.491,535,10,2408.37,289.004,560,10,1564.88,187.785,585,10,1735.54,208.264,610,10,3110.83,373.3,645,10,1193.57,143.228,680,10,3471.69,416.603,705,10,1848.33,221.8,730,10,7301.23,876.147,760,10,7897.05,947.646,810,10,8393.54,1007.22,860,10,8854.15,1062.5,900,10,2432.22,291.866,940,10,1543.23,185.188,4.16,97
STELLA-Q2, 2.4.0,6858,Grass,2, Friday, 20240209T193106Z,19.5183,20,20,410,10,1666.89,200.026,435,10,1922.33,230.679,460,10,2983.06,357.967,485,10,1920.7,230.484,510,10,2089.62,250.755,535,10,2432.36,291.884,560,10,1620.86,194.503,585,10,1834.53,220.144,610,10,3473.2,416.783,645,10,1269.44,152.332,680,10,3551.16,426.139,705,10,1839.84,220.781,730,10,7800.32,936.038,760,10,8188.96,982.675,810,10,8935.11,1072.21,860,10,9274.77,1112.97,900,10,2512.79,301.535,940,10,1590.88,190.905,4.16,97
STELLA-Q2, 2.4.0,6858,Grass,2, Friday, 20240209T193107Z,19.5186,20,20,410,10,1706.03,204.723,435,10,1896.35,227.562,460,10,3011.84,361.421,485,10,1780.6,213.672,510,10,2082.78,249.934,535,10,2477.75,297.33,560,10,1620.86,194.503,585,10,1770.5,212.46,610,10,3102.86,372.343,645,10,1188.38,142.606,680,10,3429.38,411.526,705,10,1842.9,221.148,730,10,7670.05,920.406,760,10,8325.84,999.101,810,10,8845.65,1061.48,860,10,9503.88,1140.46,900,10,2542.24,305.069,940,10,1617.35,194.082,4.16,97
STELLA-Q2, 2.4.0,6858,Grass,2, Friday, 20240209T193109Z,19.5192,20,20,410,10,1734.96,208.195,435,10,1917.52,230.102,460,10,2940.35,352.842,485,10,1816.26,217.951,510,10,2052.67,246.321,535,10,2404.48,288.537,560,10,1621.73,194.608,585,10,1777.24,213.269,610,10,3092.6,371.112,645,10,1196.9,143.628,680,10,3162.09,379.451,705,10,1829.31,219.518,730,10,8187.98,982.558,760,10,8775.24,1053.03,810,10,9455.72,1134.69,860,10,10060.8,1207.29,900,10,2675.6,321.072,940,10,1657.94,198.952,4.16,97
STELLA-Q2, 2.4.0,6858,Grass,2, Friday, 20240209T193110Z,19.5194,20,20,410,10,1751.12,210.135,435,10,1927.14,231.257,460,10,2992.34,359.081,485,10,1776.35,213.162,510,10,1995.2,239.424,535,10,2330.55,279.666,560,10,1580.18,189.622,585,10,1738.49,208.618,610,10,2974.09,356.891,645,10,1131.76,135.811,680,10,3150.74,378.088,705,10,1830.67,219.681,730,10,8290,994.8,760,10,8783.48,1054.02,810,10,9317.91,1118.15,860,10,9904.52,1188.54,900,10,2688.94,322.673,940,10,1705.58,204.67,4.16,97
STELLA-Q2, 2.4.0,6858,Grass,2, Friday, 20240209T193112Z,19.52,20,20,410,10,1795.37,215.444,435,10,2049.33,245.919,460,10,3152.03,378.244,485,10,1868.06,224.167,510,10,2140.25,256.83,535,10,2538.71,304.645,560,10,1627.42,195.29,585,10,1797.88,215.746,610,10,3083.49,370.018,645,10,1188.75,142.651,680,10,3111.52,373.382,705,10,1902.32,228.279,730,10,8570.15,1028.42,760,10,9376.36,1125.16,810,10,9964.25,1195.71,860,10,10459.1,1255.09,900,10,2812.86,337.543,940,10,1769.11,212.294,4.16,97
STELLA-Q2, 2.4.0,6858,Grass,2, Friday, 20240209T193114Z,19.5205,20,20,410,10,1797.92,215.751,435,10,2032.01,243.841,460,10,3196.6,383.592,485,10,1852.77,222.333,510,10,2117.68,254.121,535,10,2543.9,305.268,560,10,1666.78,200.014,585,10,1806.31,216.757,610,10,3164.39,379.727,645,10,1159.89,139.186,680,10,3420.09,410.411,705,10,1927.45,231.294,730,10,8280.58,993.67,760,10,8987.98,1078.56,810,10,9610.46,1153.25,860,10,10500.2,1260.02,900,10,2715.06,325.807,940,10,1736.47,208.376,4.16,97
STELLA-Q2, 2.4.0,6858,Grass,2, Friday, 20240209T193115Z,19.5208,20,20,410,10,1902.58,228.31,435,10,2187.88,262.545,460,10,3385.07,406.208,485,10,2049.77,245.972,510,10,2310.63,277.275,535,10,2772.15,332.658,560,10,1761.69,211.403,585,10,1958.8,235.056,610,10,3442.43,413.092,645,10,1334.2,160.104,680,10,3488.21,418.585,705,10,1986.88,238.425,730,10,8882.48,1065.9,760,10,9598.18,1151.78,810,10,10003.7,1200.45,860,10,10986.6,1318.39,900,10,2896.76,347.612,940,10,1785.88,214.305,4.16,97
STELLA-Q2, 2.4.0,6858,Grass,2, Friday, 20240209T193117Z,19.5214,20,20,410,10,1866.84,224.021,435,10,2108.02,252.962,460,10,3277.37,393.285,485,10,1986.08,238.33,510,10,2233.31,267.997,535,10,2678.78,321.453,560,10,1724.51,206.942,585,10,1935.21,232.225,610,10,3399.13,407.895,645,10,1284.98,154.198,680,10,3516.07,421.928,705,10,1966.84,236.021,730,10,8858.15,1062.98,760,10,9362.34,1123.48,810,10,10048.9,1205.86,860,10,10911.4,1309.37,900,10,2822.86,338.743,940,10,1766.47,211.976,4.16,97
STELLA-Q2, 2.4.0,6858,Grass,2, Friday, 20240209T193118Z,19.5217,20,20,410,10,1843.87,221.265,435,10,2096.47,251.577,460,10,3232.81,387.937,485,10,2054.01,246.481,510,10,2352.36,282.284,535,10,2691.1,322.932,560,10,1839.98,220.797,585,10,2002.61,240.313,610,10,3303.41,396.409,645,10,1293.86,155.263,680,10,3377.78,405.334,705,10,1971.6,236.592,730,10,8928.78,1071.45,760,10,9862.04,1183.44,810,10,10405.9,1248.71,860,10,11451.9,1374.23,900,10,2888.43,346.612,940,10,1799.11,215.894,4.16,97
STELLA-Q2, 2.4.0,6858,Grass,2, Friday, 20240209T193120Z,19.5222,20,20,410,10,1749.42,209.931,435,10,1915.59,229.871,460,10,2854.93,342.592,485,10,1841.73,221.008,510,10,2046.52,245.582,535,10,2346.12,281.534,560,10,1655.41,198.649,585,10,1778.08,213.37,610,10,3051.58,366.19,645,10,1214.29,145.715,680,10,3215.75,385.89,705,10,1783.13,213.976,730,10,8101.66,972.2,760,10,8426.44,1011.17,810,10,9733.76,1168.05,860,10,10432.1,1251.85,900,10,2473.34,296.8,940,10,1608.53,193.023,4.16,97
STELLA-Q2, 2.4.0,6858,Grass,2, Friday, 20240209T193121Z,19.5225,20,20,410,10,1746.87,209.624,435,10,1888.65,226.638,460,10,2868.86,344.263,485,10,1856.17,222.74,510,10,2049.25,245.91,535,10,2339.63,280.756,560,10,1579.75,189.57,585,10,1791.56,214.987,610,10,3258.97,391.076,645,10,1257.96,150.956,680,10,3066.11,367.934,705,10,1687.03,202.444,730,10,8158.16,978.98,760,10,8345.63,1001.47,810,10,9201.05,1104.13,860,10,9532.07,1143.85,900,10,2490.56,298.867,940,10,1612.94,193.552,4.16,97
STELLA-Q2, 2.4.0,6858,Grass,2, Friday, 20240209T193123Z,19.523,20,20,410,10,1797.07,215.649,435,10,1970.44,236.452,460,10,2982.13,357.855,485,10,2017.5,242.1,510,10,2226.47,267.176,535,10,2508.23,300.988,560,10,1736.76,208.411,585,10,1963.43,235.612,610,10,3560.94,427.312,645,10,1334.94,160.193,680,10,3235.36,388.244,705,10,1820.15,218.417,730,10,8268.03,992.163,760,10,8649.9,1037.99,810,10,9459.75,1135.17,860,10,9797.61,1175.71,900,10,2582.25,309.87,940,10,1648.23,197.788,4.16,97
STELLA-Q2, 2.4.0,6858,Grass,2, Friday, 20240209T193125Z,19.5236,20,20,410,10,1698.37,203.804,435,10,1829.96,219.596,460,10,2854.01,342.481,485,10,1787.39,214.487,510,10,1949.36,233.923,535,10,2334.45,280.133,560,10,1523.76,182.852,585,10,1699.31,203.917,610,10,3050.44,366.053,645,10,1119.55,134.346,680,10,2937.11,352.453,705,10,1673.11,200.773,730,10,7773.64,932.837,760,10,8388.51,1006.62,810,10,8967.34,1076.08,860,10,9495.65,1139.48,900,10,2549.46,305.936,940,10,1577.64,189.317,4.16,97
STELLA-Q2, 2.4.0,6858,Grass,2, Friday, 20240209T193126Z,19.5239,20,20,410,10,1674.54,200.945,435,10,1856.9,222.828,460,10,2843.79,341.255,485,10,1743.24,209.188,510,10,1892.57,227.108,535,10,2227.45,267.294,560,10,1533.39,184.006,585,10,1687.51,202.502,610,10,2946.75,353.61,645,10,1113.99,133.679,680,10,2926.79,351.215,705,10,1613.34,193.601,730,10,7940.01,952.801,760,10,8373.67,1004.84,810,10,9039.07,1084.69,860,10,9426.33,1131.16,900,10,2503.34,300.401,940,10,1604.11,192.494,4.16,97
STELLA-Q2, 2.4.0,6858,Grass,2, Friday, 20240209T193128Z,19.5244,20,20,410,10,1617.53,194.104,435,10,1864.6,223.752,460,10,2945.92,353.51,485,10,1673.61,200.833,510,10,1922.67,230.721,535,10,2268.3,272.196,560,10,1436.73,172.408,585,10,1644.97,197.396,610,10,2896.61,347.593,645,10,1138.42,136.611,680,10,2996.97,359.636,705,10,1635.41,196.25,730,10,7326.34,879.161,760,10,7970.45,956.453,810,10,8511.2,1021.34,860,10,9076.21,1089.14,900,10,2430.55,291.666,940,10,1541.47,184.976,4.16,97
STELLA-Q2, 2.4.0,6858,Grass,2, Friday, 20240209T193129Z,19.5247,20,20,410,10,1618.39,194.206,435,10,1823.23,218.787,460,10,2997.91,359.75,485,10,1655.78,198.693,510,10,1965.09,235.811,535,10,2393.46,287.215,560,10,1525.95,183.114,585,10,1664.35,199.722,610,10,2913.7,349.644,645,10,1126.95,135.234,680,10,3537.74,424.529,705,10,1784.49,214.139,730,10,7338.11,880.573,760,10,7914.37,949.725,810,10,8353.24,1002.39,860,10,9005.71,1080.69,900,10,2459.44,295.133,940,10,1559.11,187.094,4.16,97
STELLA-Q2, 2.4.0,6858,Grass,2, Friday, 20240209T193131Z,19.5253,20,20,410,10,1683.05,201.966,435,10,1886.73,226.408,460,10,2858.65,343.038,485,10,1759.37,211.124,510,10,1997.25,239.67,535,10,2300.73,276.087,560,10,1484.84,178.181,585,10,1700.99,204.119,610,10,2967.26,356.071,645,10,1189.86,142.784,680,10,3240.52,388.863,705,10,1750.19,210.023,730,10,7755.59,930.671,760,10,8132.06,975.847,810,10,8819.05,1058.29,860,10,9422.81,1130.74,900,10,2454.44,294.533,940,10,1571.47,188.576,4.16,97
STELLA-Q2, 2.4.0,6858,Grass,2, Friday, 20240209T193133Z,19.5258,20,20,410,10,1807.28,216.874,435,10,2016.62,241.994,460,10,2992.34,359.081,485,10,1941.93,233.031,510,10,2181.31,261.757,535,10,2444.03,293.284,560,10,1640.1,196.812,585,10,1866.97,224.036,610,10,3257.83,390.939,645,10,1371.95,164.634,680,10,3437.64,412.516,705,10,1788.22,214.587,730,10,8024.76,962.971,760,10,8352.22,1002.27,810,10,8960.09,1075.21,860,10,9466.28,1135.95,900,10,2484.45,298.134,940,10,1612.05,193.447,4.16,97
STELLA-Q2, 2.4.0,6858,Grass,2, Friday, 20240209T193134Z,19.5261,20,20,410,10,1761.33,211.36,435,10,1876.15,225.138,460,10,2760.23,331.228,485,10,1978.44,237.413,510,10,2128.62,255.435,535,10,2327.96,279.355,560,10,1684.28,202.113,585,10,1860.23,223.227,610,10,3574.61,428.953,645,10,1309.78,157.173,680,10,3134.23,376.107,705,10,1780.07,213.609,730,10,7977.67,957.321,760,10,8355.53,1002.66,810,10,8950.42,1074.05,860,10,9438.08,1132.57,900,10,2510.01,301.201,940,10,1603.23,192.388,4.16,97
STELLA-Q2, 2.4.0,6858,Grass,2, Friday, 20240209T193136Z,19.5267,20,20,410,10,1664.33,199.72,435,10,1854.02,222.482,460,10,2794.59,335.35,485,10,1923.25,230.79,510,10,2116.31,253.957,535,10,2298.13,275.776,560,10,1674.22,200.906,585,10,1869.49,224.339,610,10,3529.03,423.484,645,10,1329.76,159.571,680,10,3070.24,368.429,705,10,1717.25,206.07,730,10,7320.85,878.501,760,10,7728.84,927.461,810,10,8903.68,1068.44,860,10,9731.81,1167.82,900,10,2402.21,288.265,940,10,1508.82,181.058,4.16,97
STELLA-Q2, 2.4.0,6858,Grass,2, Friday, 20240209T193137Z,19.5269,20,20,410,10,1606.47,192.777,435,10,1866.52,223.983,460,10,2896.71,347.606,485,10,1797.58,215.71,510,10,2076.62,249.195,535,10,2421.34,290.561,560,10,1661.53,199.384,585,10,1779.77,213.572,610,10,3383.18,405.981,645,10,1277.21,153.265,680,10,3524.33,422.919,705,10,1857.16,222.859,730,10,7215.69,865.883,760,10,7745.33,929.44,810,10,8588.57,1030.63,860,10,9445.13,1133.42,900,10,2418.88,290.265,940,10,1530,183.599,4.16,97
STELLA-Q2, 2.4.0,6858,Grass,2, Friday, 20240209T193139Z,19.5275,20,20,410,10,1500.11,180.013,435,10,1675.06,201.007,460,10,2628.4,315.408,485,10,1598.89,191.866,510,10,1854.25,222.51,535,10,2220.32,266.438,560,10,1514.58,181.75,585,10,1588.1,190.572,610,10,2908,348.96,645,10,1069.21,128.306,680,10,3506.78,420.814,705,10,1778.38,213.405,730,10,6907.29,828.874,760,10,7586.19,910.342,810,10,8150.15,978.018,860,10,8939.92,1072.79,900,10,2321.08,278.529,940,10,1463.82,175.658,4.16,97
STELLA-Q2, 2.4.0,6858,Grass,2, Friday, 20240209T193140Z,19.5278,20,20,410,10,1634.55,196.146,435,10,1752.03,210.244,460,10,2677.6,321.312,485,10,1761.07,211.328,510,10,1947.99,233.759,535,10,2250.15,270.018,560,10,1518.08,182.169,585,10,1663.92,199.671,610,10,3011.7,361.404,645,10,1143.6,137.232,680,10,3117.71,374.126,705,10,1682.62,201.914,730,10,7147.42,857.69,760,10,7553.21,906.384,810,10,8030.88,963.705,860,10,8395.93,1007.51,900,10,2314.41,277.729,940,10,1509.7,181.164,4.15,97
STELLA-Q2, 2.4.0,6858,Grass,2, Friday, 20240209T193142Z,19.5283,20,20,410,10,1577.54,189.305,435,10,1694.3,203.317,460,10,2716.6,325.992,485,10,1710.12,205.214,510,10,1924.04,230.885,535,10,2263.11,271.574,560,10,1683.4,202.008,585,10,1734.27,208.113,610,10,3105.14,372.616,645,10,1102.15,132.258,680,10,4112.57,493.509,705,10,1889.76,226.771,730,10,7643.38,917.205,760,10,8379.44,1005.53,810,10,9104.35,1092.52,860,10,9882.2,1185.86,900,10,2537.24,304.469,940,10,1550.29,186.035,4.16,97
STELLA-Q2, 2.4.0,6858,Grass,2, Friday, 20240209T193144Z,19.5289,20,20,410,10,1578.39,189.407,435,10,1667.36,200.084,460,10,2636.75,316.41,485,10,1662.57,199.508,510,10,1890.51,226.862,535,10,2231.34,267.761,560,10,1598.99,191.879,585,10,1651.29,198.154,610,10,2813.43,337.611,645,10,1008.89,121.066,680,10,2774.05,332.886,705,10,1690.43,202.851,730,10,7356.94,882.833,760,10,8095.78,971.494,810,10,8897.23,1067.67,860,10,9799.96,1175.99,900,10,2506.68,300.801,940,10,1538.82,184.658,4.16,97
STELLA-Q2, 2.4.0,6858,Grass,2, Friday, 20240209T193145Z,19.5292,20,20,410,10,1582.65,189.918,435,10,1682.76,201.931,460,10,2655.32,318.638,485,10,1673.61,200.833,510,10,1894.62,227.354,535,10,2252.74,270.329,560,10,1616.92,194.031,585,10,1653.39,198.407,610,10,2836.22,340.346,645,10,1022.21,122.665,680,10,2797.79,335.735,705,10,1684.31,202.118,730,10,7404.03,888.483,760,10,8136.19,976.342,810,10,8943.97,1073.28,860,10,9836.38,1180.36,900,10,2524.46,302.935,940,10,1549.41,185.929,4.16,97
STELLA-Q2, 2.4.0,6858,Grass,2, Friday, 20240209T193147Z,19.5297,20,20,410,10,1571.59,188.59,435,10,1679.87,201.585,460,10,2633.04,315.965,485,10,1652.38,198.286,510,10,1876.14,225.137,535,10,2198.27,263.792,560,10,1608.61,193.034,585,10,1652.97,198.357,610,10,2821.4,338.568,645,10,1009.26,121.111,680,10,2765.8,331.896,705,10,1681.6,201.792,730,10,7393.83,887.259,760,10,8099.9,971.988,810,10,8907.7,1068.92,860,10,9875.15,1185.02,900,10,2496.67,299.601,940,10,1549.41,185.929,4.16,97
STELLA-Q2, 2.4.0,6858,Grass,2, Friday, 20240209T193148Z,19.53,20,20,410,10,1622.64,194.717,435,10,1739.52,208.743,460,10,2724.03,326.883,485,10,1705.88,204.705,510,10,1963.04,235.565,535,10,2337.04,280.445,560,10,1616.92,194.031,585,10,1715.74,205.889,610,10,2943.33,353.199,645,10,1041.83,125.019,680,10,2618.22,314.186,705,10,1645.6,197.472,730,10,7667.7,920.124,760,10,8459.42,1015.13,810,10,9558.07,1146.97,860,10,9951.52,1194.18,900,10,2618.37,314.204,940,10,1614.7,193.764,4.16,97
STELLA-Q2, 2.4.0,6858,Grass,2, Friday, 20240209T193150Z,19.5305,20,20,410,10,1519.68,182.362,435,10,1584.62,190.155,460,10,2550.41,306.049,485,10,1576.81,189.217,510,10,1799.51,215.941,535,10,2123.05,254.766,560,10,1508.46,181.015,585,10,1546.4,185.568,610,10,2453.34,294.401,645,10,860.848,103.302,680,10,2500.57,300.068,705,10,1592.63,191.115,730,10,7199.21,863.905,760,10,8290.38,994.846,810,10,9155.93,1098.71,860,10,10029.1,1203.49,900,10,2546.69,305.602,940,10,1527.35,183.282,4.16,97
STELLA-Q2, 2.4.0,6858,Grass,2, Friday, 20240209T193151Z,19.5308,20,20,410,10,1522.24,182.668,435,10,1600.02,192.002,460,10,2569.9,308.389,485,10,1581.9,189.828,510,10,1797.46,215.695,535,10,2162.6,259.512,560,10,1511.52,181.382,585,10,1545.13,185.416,610,10,2388.39,286.607,645,10,855.296,102.636,680,10,2373.63,284.836,705,10,1586.85,190.422,730,10,7130.15,855.618,760,10,8310.17,997.22,810,10,9193,1103.16,860,10,10154.8,1218.57,900,10,2554.47,306.536,940,10,1523.82,182.858,4.16,97
STELLA-Q2, 2.4.0,6858,Grass,2, Friday, 20240209T193153Z,19.5314,20,20,410,10,1555.42,186.65,435,10,1640.43,196.851,460,10,2559.69,307.163,485,10,1587.85,190.542,510,10,1772.83,212.739,535,10,2124.99,254.999,560,10,1490.52,178.863,585,10,1503.85,180.462,610,10,2353.07,282.368,645,10,894.527,107.343,680,10,2316.87,278.025,705,10,1531.16,183.74,730,10,7134.08,856.089,760,10,8248.33,989.799,810,10,9087.42,1090.49,860,10,10177.1,1221.25,900,10,2508.9,301.068,940,10,1524.7,182.964,4.16,97
STELLA-Q2, 2.4.0,6858,Grass,2, Friday, 20240209T193155Z,19.5319,20,20,410,10,1614.98,193.798,435,10,1650.05,198.006,460,10,2825.22,339.027,485,10,1649.83,197.98,510,10,1850.83,222.099,535,10,2191.14,262.936,560,10,1494.46,179.335,585,10,1600.32,192.038,610,10,2616.29,313.955,645,10,956.333,114.76,680,10,2516.05,301.926,705,10,1510.79,181.295,730,10,7679.47,921.536,760,10,8562.5,1027.5,810,10,9496.82,1139.62,860,10,9846.95,1181.63,900,10,2583.36,310.003,940,10,1605,192.599,4.15,97
STELLA-Q2, 2.4.0,6858,Grass,2, Friday, 20240209T193156Z,19.5322,20,20,410,10,1650.72,198.086,435,10,1668.33,200.199,460,10,2523.48,302.818,485,10,1672.76,200.731,510,10,1817.98,218.158,535,10,2066.63,247.996,560,10,1489.21,178.706,585,10,1579.25,189.51,610,10,2485.25,298.23,645,10,947.081,113.65,680,10,2430.39,291.647,705,10,1535.58,184.269,730,10,7621.4,914.568,760,10,8451.18,1014.14,810,10,9920.73,1190.49,860,10,10537.8,1264.54,900,10,2627.82,315.338,940,10,1537.06,184.447,4.16,97
STELLA-Q2, 2.4.0,6858,Grass,2, Friday, 20240209T193158Z,19.5328,20,20,410,10,1663.48,199.618,435,10,1685.65,202.277,460,10,2584.76,310.171,485,10,1686.34,202.361,510,10,1830.99,219.718,535,10,2094.52,251.342,560,10,1469.97,176.396,585,10,1585.57,190.269,610,10,2415.74,289.889,645,10,886.384,106.366,680,10,2232.25,267.87,705,10,1486.68,178.401,730,10,7874.09,944.89,760,10,8953.35,1074.4,810,10,10418,1250.16,860,10,10857.4,1302.88,900,10,2720.61,326.474,940,10,1583.82,190.058,4.16,97
STELLA-Q2, 2.4.0,6858,Grass,2, Friday, 20240209T193159Z,19.5331,20,20,410,10,1602.22,192.266,435,10,1614.45,193.734,460,10,2449.21,293.905,485,10,1638.79,196.655,510,10,1826.2,219.144,535,10,2155.47,258.656,560,10,1514.14,181.697,585,10,1586.84,190.42,610,10,2426,291.119,645,10,887.495,106.499,680,10,2316.87,278.025,705,10,1543.39,185.207,730,10,7684.18,922.102,760,10,8741.43,1048.97,810,10,10673.4,1280.81,860,10,11112.3,1333.48,900,10,2678.38,321.406,940,10,1537.94,184.552,4.16,97
STELLA-Q2, 2.4.0,6858,Grass,2, Friday, 20240209T193201Z,19.5336,20,20,410,10,1626.9,195.227,435,10,1703.93,204.471,460,10,2609.83,313.179,485,10,1819.66,218.359,510,10,2002.04,240.245,535,10,2176.87,261.224,560,10,1525.08,183.009,585,10,1738.49,208.618,610,10,2742.78,329.133,645,10,1084.76,130.171,680,10,2209.54,265.145,705,10,1514.52,181.743,730,10,7526.45,903.174,760,10,8483.34,1018,810,10,9672.51,1160.7,860,10,10389.8,1246.77,900,10,2590.03,310.803,940,10,1573.23,188.788,4.16,97
STELLA-Q2, 2.4.0,6858,Grass,2, Friday, 20240209T193203Z,19.5342,20,20,410,10,1706.03,204.723,435,10,1724.13,206.896,460,10,2551.34,306.16,485,10,1692.29,203.075,510,10,1770.77,212.493,535,10,2052.37,246.284,560,10,1435.85,172.303,585,10,1537.55,184.506,610,10,2553.62,306.434,645,10,948.561,113.827,680,10,2313.77,277.653,705,10,1476.83,177.22,730,10,7488.78,898.654,760,10,8235.13,988.216,810,10,9367.88,1124.15,860,10,10212.4,1225.48,900,10,2559.47,307.136,940,10,1583.82,190.058,4.16,97
STELLA-Q2, 2.4.0,6858,Grass,2, Friday, 20240209T193204Z,19.5344,20,20,410,10,1563.93,187.671,435,10,1666.4,199.968,460,10,2723.1,326.772,485,10,1651.53,198.184,510,10,1891.2,226.944,535,10,2250.15,270.018,560,10,1549.57,185.948,585,10,1636.54,196.385,610,10,2708.59,325.031,645,10,977.429,117.291,680,10,2471.67,296.601,705,10,1639.15,196.698,730,10,7817.59,938.11,760,10,9110.02,1093.2,810,10,9817.57,1178.11,860,10,10549.6,1265.95,900,10,2770.07,332.408,940,10,1582.94,189.952,4.16,97
STELLA-Q2, 2.4.0,6858,Grass,2, Friday, 20240209T193206Z,19.535,20,20,410,10,1518.83,182.26,435,10,1631.77,195.812,460,10,2665.53,319.864,485,10,1612.47,193.497,510,10,1838.51,220.621,535,10,2276.73,273.208,560,10,1553.07,186.368,585,10,1597.37,191.684,610,10,2520.57,302.469,645,10,960.774,115.293,680,10,2619.25,314.31,705,10,1713.52,205.622,730,10,6977.13,837.255,760,10,8243.38,989.206,810,10,9309.85,1117.18,860,10,10590.7,1270.88,900,10,2573.36,308.803,940,10,1479.7,177.564,4.16,97
STELLA-Q2, 2.4.0,6858,Grass,2, Friday, 20240209T193207Z,19.5353,20,20,410,10,1511.17,181.341,435,10,1565.38,187.846,460,10,2528.13,303.375,485,10,1630.3,195.636,510,10,1742.72,209.126,535,10,2064.69,247.762,560,10,1441.54,172.985,585,10,1502.59,180.311,610,10,2549.06,305.887,645,10,962.625,115.515,680,10,2647.11,317.654,705,10,1615.72,193.886,730,10,6315.59,757.871,760,10,7113.7,853.644,810,10,8395.95,1007.51,860,10,9689.51,1162.74,900,10,2254.4,270.528,940,10,1370.29,164.435,4.16,97
STELLA-Q2, 2.4.0,6858,Grass,2, Friday, 20240209T193209Z,19.5358,20,20,410,10,1605.62,192.675,435,10,1724.13,206.896,460,10,2634.9,316.187,485,10,1772.95,212.755,510,10,1882.3,225.876,535,10,2095.81,251.498,560,10,1506.27,180.752,585,10,1660.98,199.317,610,10,3060.7,367.284,645,10,1147.67,137.721,680,10,2774.05,332.886,705,10,1600.78,192.093,730,10,6711.1,805.332,760,10,7415.5,889.86,810,10,8414.49,1009.74,860,10,9646.04,1157.52,900,10,2338.31,280.597,940,10,1460.29,175.235,4.16,97
STELLA-Q2, 2.4.0,6858,Grass,2, Friday, 20240209T193211Z,19.5364,20,20,410,10,1660.08,199.21,435,10,1760.69,211.283,460,10,2724.95,326.994,485,10,1768.71,212.245,510,10,1956.2,234.744,535,10,2250.79,270.095,560,10,1587.18,190.462,585,10,1682.04,201.845,610,10,2840.77,340.893,645,10,1009.26,121.111,680,10,2317.9,278.148,705,10,1575.31,189.037,730,10,7648.87,917.864,760,10,8668.87,1040.26,810,10,9478.29,1137.39,860,10,10154.8,1218.57,900,10,2630.59,315.671,940,10,1598.82,191.858,4.16,97
STELLA-Q2, 2.4.0,6858,Grass,2, Friday, 20240209T193212Z,19.5367,20,20,410,10,1713.69,205.642,435,10,1820.34,218.441,460,10,2827.08,339.25,485,10,1833.24,219.989,510,10,2072.52,248.702,535,10,2297.48,275.698,560,10,1571.44,188.572,585,10,1757.02,210.842,610,10,2812.29,337.474,645,10,1042.57,125.108,680,10,2599.64,311.957,705,10,1678.2,201.384,730,10,8041.24,964.948,760,10,8962.42,1075.49,810,10,9957.8,1194.94,860,10,10446.2,1253.54,900,10,2723.39,326.807,940,10,1670.29,200.435,4.16,97
STELLA-Q2, 2.4.0,6858,Grass,2, Friday, 20240209T193214Z,19.5372,20,20,410,10,1713.69,205.642,435,10,1784.74,214.169,460,10,2834.51,340.141,485,10,1707.57,204.909,510,10,1874.09,224.891,535,10,2404.48,288.537,560,10,1616.92,194.031,585,10,1651.71,198.205,610,10,2578.69,309.442,645,10,918.583,110.23,680,10,2812.24,337.468,705,10,1796.38,215.565,730,10,8432.82,1011.94,760,10,9608.89,1153.07,810,10,10646.1,1277.53,860,10,11671.6,1400.59,900,10,2872.32,344.678,940,10,1740,208.8,4.16,97
STELLA-Q2, 2.4.0,6858,Grass,2, Friday, 20240209T193215Z,19.5375,20,20,410,10,1750.27,210.033,435,10,1770.31,212.438,460,10,2655.32,318.638,485,10,1618.42,194.21,510,10,1811.83,217.419,535,10,2146.39,257.567,560,10,1478.72,177.446,585,10,1526.18,183.141,610,10,2326.86,279.223,645,10,858.627,103.035,680,10,2360.22,283.226,705,10,1594.32,191.319,730,10,7914.11,949.693,760,10,8789.26,1054.71,810,10,10092.4,1211.09,860,10,11071.2,1328.54,900,10,2717.28,326.074,940,10,1674.7,200.964,4.16,97
STELLA-Q2, 2.4.0,6858,Grass,2, Friday, 20240209T193217Z,19.5381,20,20,410,10,1563.93,187.671,435,10,1642.35,197.082,460,10,2472.42,296.69,485,10,1670.21,200.425,510,10,1879.57,225.548,535,10,1966.12,235.935,560,10,1452.47,174.297,585,10,1554.4,186.528,610,10,2578.69,309.442,645,10,921.914,110.63,680,10,2097.05,251.646,705,10,1458.15,174.978,730,10,6902.58,828.309,760,10,7758.53,931.023,810,10,8661.1,1039.33,860,10,9764.71,1171.76,900,10,2451.11,294.133,940,10,1492.06,179.047,4.16,97
STELLA-Q2, 2.4.0,6858,Grass,2, Friday, 20240209T193218Z,19.5383,20,20,410,10,1684.75,202.171,435,10,1732.79,207.935,460,10,2606.11,312.734,485,10,1761.07,211.328,510,10,1887.78,226.533,535,10,2123.05,254.766,560,10,1514.14,181.697,585,10,1626.01,195.122,610,10,2904.59,348.55,645,10,1083.28,129.993,680,10,2794.69,335.363,705,10,1647.3,197.676,730,10,7401.67,888.2,760,10,7901.18,948.141,810,10,8664.32,1039.72,860,10,9142,1097.04,900,10,2397.21,287.665,940,10,1529.11,183.494,4.16,97
STELLA-Q2, 2.4.0,6858,Grass,2, Friday, 20240209T193220Z,19.5389,20,20,410,10,1646.46,197.576,435,10,1724.13,206.896,460,10,2584.76,310.171,485,10,1714.37,205.724,510,10,1959.62,235.154,535,10,2187.89,262.547,560,10,1611.67,193.401,585,10,1678.67,201.44,610,10,2877.24,345.268,645,10,1025.91,123.109,680,10,2847.33,341.679,705,10,1675.82,201.099,730,10,7288.67,874.641,760,10,7702.46,924.294,810,10,8935.91,1072.31,860,10,9548.52,1145.82,900,10,2383.32,285.998,940,10,1499.11,179.894,4.16,97
STELLA-Q2, 2.4.0,6858,Grass,2, Friday, 20240209T193222Z,19.5394,20,20,410,10,1630.3,195.636,435,10,1710.66,205.279,460,10,2601.47,312.176,485,10,1732.2,207.864,510,10,1915.83,229.9,535,10,2198.92,263.87,560,10,1611.67,193.401,585,10,1644.97,197.396,610,10,2804.31,336.517,645,10,1017.77,122.132,680,10,2840.1,340.812,705,10,1676.5,201.18,730,10,7474.65,896.959,760,10,7806.35,936.762,810,10,9137.39,1096.49,860,10,9842.25,1181.07,900,10,2400.54,288.065,940,10,1535.29,184.235,4.16,97
STELLA-Q2, 2.4.0,6858,Grass,2, Friday, 20240209T193223Z,19.5397,20,20,410,10,1630.3,195.636,435,10,1694.3,203.317,460,10,2554.12,306.494,485,10,1758.52,211.022,510,10,1880.25,225.63,535,10,2154.82,258.579,560,10,1588.06,190.567,585,10,1622.22,194.667,610,10,2914.84,349.781,645,10,1052.93,126.351,680,10,2758.57,331.029,705,10,1661.22,199.347,730,10,7152.13,858.255,760,10,7922.62,950.714,810,10,9148.67,1097.84,860,10,10018.5,1202.22,900,10,2414.43,289.732,940,10,1512.35,181.482,4.16,97
STELLA-Q2, 2.4.0,6858,Grass,2, Friday, 20240209T193225Z,19.5403,20,20,410,10,1703.47,204.417,435,10,1829.96,219.596,460,10,2763.02,331.562,485,10,1821.35,218.562,510,10,2012.31,241.477,535,10,2191.78,263.014,560,10,1583.25,189.989,585,10,1703.94,204.473,610,10,3211.11,385.333,645,10,1207.63,144.915,680,10,3138.35,376.602,705,10,1725.06,207.008,730,10,7184.3,862.116,760,10,7218.42,866.21,810,10,7769.76,932.371,860,10,8386.54,1006.38,900,10,2284.96,274.195,940,10,1492.06,179.047,4.16,97
STELLA-Q2, 2.4.0,6858,Grass,2, Friday, 20240209T193226Z,19.5406,20,20,410,10,1672.84,200.741,435,10,1765.5,211.86,460,10,2673.89,320.867,485,10,1786.54,214.385,510,10,1949.36,233.923,535,10,2123.05,254.766,560,10,1560.5,187.26,585,10,1652.55,198.306,610,10,3094.88,371.386,645,10,1193.94,143.272,680,10,3111.52,373.382,705,10,1702.99,204.359,730,10,6802.92,816.35,760,10,7143.38,857.206,810,10,8049.41,965.929,860,10,8929.34,1071.52,900,10,2258.29,270.994,940,10,1481.47,177.776,4.16,97
STELLA-Q2, 2.4.0,6858,Grass,2, Friday, 20240209T193228Z,19.5411,20,20,410,10,1706.03,204.723,435,10,1803.02,216.363,460,10,2742.59,329.111,485,10,1774.65,212.958,510,10,1917.2,230.064,535,10,2093.87,251.264,560,10,1526.83,183.219,585,10,1620.96,194.515,610,10,3044.74,365.369,645,10,1268.7,152.243,680,10,3014.51,361.741,705,10,1650.02,198.002,730,10,6735.43,808.251,760,10,6816.85,818.022,810,10,7761.7,931.404,860,10,8835.35,1060.24,900,10,2226.61,267.194,940,10,1483.23,177.988,4.16,97
STELLA-Q2, 2.4.0,6858,Grass,2, Friday, 20240209T193230Z,19.5417,20,20,410,10,1694.97,203.396,435,10,1769.35,212.322,460,10,2671.1,320.532,485,10,1767.01,212.041,510,10,1907.62,228.914,535,10,2102.95,252.354,560,10,1553.94,186.473,585,10,1628.54,195.425,610,10,2985.49,358.259,645,10,1210.96,145.315,680,10,3135.26,376.231,705,10,1716.91,206.03,730,10,6656.17,798.74,760,10,6620.6,794.471,810,10,8049.41,965.929,860,10,9171.38,1100.56,900,10,2178.27,261.392,940,10,1447.06,173.647,4.15,97
STELLA-Q2, 2.4.0,6858,Grass,2, Friday, 20240209T193231Z,19.5419,20,20,410,10,1717.09,206.051,435,10,1739.52,208.743,460,10,2580.12,309.614,485,10,1833.24,219.989,510,10,1926.09,231.131,535,10,2055.61,246.673,560,10,1548.26,185.791,585,10,1643.71,197.245,610,10,3051.58,366.19,645,10,1196.53,143.583,680,10,3105.33,372.639,705,10,1673.45,200.814,730,10,6988.12,838.574,760,10,6833.34,820.001,810,10,8364.52,1003.74,860,10,9295.92,1115.51,900,10,2202.72,264.326,940,10,1486.76,178.411,4.16,97
STELLA-Q2, 2.4.0,6858,Grass,2, Friday, 20240209T193233Z,19.5425,20,20,410,10,1754.53,210.543,435,10,1879.99,225.599,460,10,2829.87,339.584,485,10,1943.63,233.235,510,10,2142.99,257.159,535,10,2324.07,278.888,560,10,1743.76,209.251,585,10,1828.21,219.385,610,10,3391.15,406.938,645,10,1209.11,145.093,680,10,3003.16,360.379,705,10,1734.91,208.189,730,10,7242.37,869.085,760,10,7705.75,924.69,810,10,9080.17,1089.62,860,10,10436.8,1252.41,900,10,2423.32,290.799,940,10,1515,181.8,4.16,97
STELLA-Q2, 2.4.0,6858,Grass,2, Friday, 20240209T193234Z,19.5428,20,20,410,10,1767.29,212.075,435,10,1824.19,218.903,460,10,2735.17,328.22,485,10,1863.81,223.657,510,10,2006.15,240.738,535,10,2315.64,277.877,560,10,1621.73,194.608,585,10,1744.8,209.377,610,10,3042.46,365.096,645,10,1087.35,130.482,680,10,3007.29,360.874,705,10,1789.92,214.791,730,10,8191.12,982.935,760,10,8682.89,1041.95,810,10,10177.8,1221.34,860,10,10850.3,1302.04,900,10,2663.93,319.672,940,10,1620.88,194.505,4.16,97
STELLA-Q2, 2.4.0,6858,Grass,2, Friday, 20240209T193236Z,19.5433,20,20,410,10,1763.04,211.564,435,10,1875.19,225.022,460,10,2820.58,338.47,485,10,1997.97,239.756,510,10,2119.73,254.367,535,10,2364.92,283.791,560,10,1731.07,207.729,585,10,1862.75,223.53,610,10,3358.11,402.973,645,10,1197.27,143.672,680,10,2709.04,325.084,705,10,1802.15,216.258,730,10,8108.72,973.047,760,10,8858.52,1063.02,810,10,9877.21,1185.26,860,10,10744.6,1289.35,900,10,2698.94,323.873,940,10,1654.41,198.529,4.16,97
STELLA-Q2, 2.4.0,6858,Grass,2, Friday, 20240209T193237Z,19.5436,20,20,410,10,1732.4,207.888,435,10,1841.51,220.981,460,10,2764.88,331.785,485,10,1940.23,232.828,510,10,2094.41,251.329,535,10,2317.59,278.11,560,10,1693.46,203.215,585,10,1821.05,218.526,610,10,3361.53,403.383,645,10,1197.64,143.716,680,10,2856.61,342.794,705,10,1792.3,215.076,730,10,7969.83,956.379,760,10,8472.62,1016.71,810,10,9598.37,1151.8,860,10,10432.1,1251.85,900,10,2596.14,311.537,940,10,1608.53,193.023,4.16,97
STELLA-Q2, 2.4.0,6858,Grass,2, Friday, 20240209T193239Z,19.5442,20,20,410,10,1777.5,213.3,435,10,1848.24,221.789,460,10,2816.87,338.024,485,10,1857.87,222.944,510,10,2031.46,243.776,535,10,2307.21,276.865,560,10,1605.99,192.719,585,10,1753.65,210.438,610,10,3148.44,377.812,645,10,1158.04,138.964,680,10,3110.49,373.259,705,10,1809.96,217.195,730,10,7923.53,950.823,760,10,8127.94,975.353,810,10,9417.04,1130.04,860,10,10025.5,1203.06,900,10,2515.57,301.868,940,10,1592.64,191.117,4.16,97
STELLA-Q2, 2.4.0,6858,Grass,2, Friday, 20240209T193241Z,19.5447,20,20,410,10,1652.42,198.291,435,10,1803.02,216.363,460,10,2796.44,335.573,485,10,1880.79,225.695,510,10,2053.36,246.403,535,10,2271.55,272.585,560,10,1718.39,206.207,585,10,1771.76,212.612,610,10,3149.58,377.949,645,10,1126.21,135.145,680,10,2793.66,335.239,705,10,1817.43,218.091,730,10,7989.45,958.733,760,10,8720.82,1046.5,810,10,9585.47,1150.26,860,10,10134.8,1216.18,900,10,2623.93,314.871,940,10,1574.11,188.894,4.16,97
STELLA-Q2, 2.4.0,6858,Grass,2, Friday, 20240209T193242Z,19.545,20,20,410,10,1629.45,195.534,435,10,1752.99,210.359,460,10,2607.97,312.956,485,10,1885.04,226.205,510,10,1991.09,238.931,535,10,2160.66,259.279,560,10,1621.73,194.608,585,10,1703.94,204.473,610,10,3321.64,398.597,645,10,1195.79,143.494,680,10,2960.85,355.302,705,10,1638.13,196.576,730,10,6736.21,808.345,760,10,7072.47,848.696,810,10,8169.49,980.339,860,10,8956.37,1074.76,900,10,2250.51,270.061,940,10,1462.06,175.447,4.16,97
STELLA-Q2, 2.4.0,6858,Grass,2, Friday, 20240209T193244Z,19.5456,20,20,410,10,1651.57,198.188,435,10,1714.51,205.741,460,10,2520.7,302.484,485,10,1931.74,231.809,510,10,2025.99,243.119,535,10,2150.28,258.034,560,10,1711.83,205.42,585,10,1719.11,206.293,610,10,3129.07,375.488,645,10,1188.75,142.651,680,10,2994.9,359.388,705,10,1694.16,203.299,730,10,6904.93,828.592,760,10,7276.14,873.137,810,10,8487.02,1018.44,860,10,9398.13,1127.78,900,10,2291.63,274.995,940,10,1442.64,173.117,4.16,97
STELLA-Q2, 2.4.0,6858,Grass,2, Friday, 20240209T193245Z,19.5458,20,20,410,10,1682.2,201.864,435,10,1854.98,222.598,460,10,2727.74,327.329,485,10,1942.78,233.133,510,10,2158.73,259.047,535,10,2265.06,271.807,560,10,1684.28,202.113,585,10,1826.11,219.133,610,10,3645.26,437.431,645,10,1340.12,160.815,680,10,3177.57,381.308,705,10,1717.25,206.07,730,10,6830.38,819.646,760,10,6946.31,833.557,810,10,7946.26,953.551,860,10,8851.8,1062.22,900,10,2214.94,265.793,940,10,1426.76,171.211,4.15,97
STELLA-Q2, 2.4.0,6858,Grass,2, Friday, 20240209T193247Z,19.5464,20,20,410,10,1626.04,195.125,435,10,1753.96,210.475,460,10,2564.33,307.72,485,10,2029.39,243.527,510,10,2131.36,255.763,535,10,2205.4,264.648,560,10,1684.28,202.113,585,10,1829.48,219.537,610,10,3654.38,438.525,645,10,1290.53,154.864,680,10,3299.35,395.922,705,10,1713.18,205.581,730,10,6275.57,753.068,760,10,6448.26,773.791,810,10,7830.21,939.624,860,10,8513.43,1021.61,900,10,2091.03,250.923,940,10,1332.35,159.882,4.16,97
STELLA-Q2, 2.4.0,6858,Grass,2, Friday, 20240209T193248Z,19.5467,20,20,410,10,1650.72,198.086,435,10,1798.21,215.786,460,10,2646.04,317.524,485,10,2217.04,266.045,510,10,2299.68,275.962,535,10,2363.63,283.635,560,10,2027.17,243.26,585,10,1962.17,235.46,610,10,3802.51,456.301,645,10,1334.57,160.149,680,10,3752.4,450.288,705,10,1990.95,238.914,730,10,6673.44,800.812,760,10,7168.12,860.175,810,10,8602.27,1032.27,860,10,9865.75,1183.89,900,10,2234.39,268.127,940,10,1399.41,167.929,4.16,97
STELLA-Q2, 2.4.0,6858,Grass,2, Friday, 20240209T193250Z,19.5472,20,20,410,10,1552.87,186.344,435,10,1673.14,200.776,460,10,2597.76,311.731,485,10,1778.05,213.366,510,10,2058.15,246.978,535,10,2250.15,270.018,560,10,1705.71,204.685,585,10,1696.36,203.563,610,10,3317.08,398.05,645,10,1128.43,135.411,680,10,3425.25,411.03,705,10,1795.7,215.483,730,10,6258.3,750.997,760,10,6513.4,781.608,810,10,7583.6,910.032,860,10,8435.88,1012.3,900,10,2076.02,249.123,940,10,1344.7,161.364,4.16,97
STELLA-Q2, 2.4.0,6858,Grass,2, Friday, 20240209T193252Z,19.5478,20,20,410,10,1780.05,213.607,435,10,1895.39,227.447,460,10,2828.94,339.472,485,10,2043.82,245.259,510,10,2208.68,265.041,535,10,2230.04,267.605,560,10,1615.17,193.821,585,10,1816.42,217.97,610,10,3541.57,424.988,645,10,1396.01,167.521,680,10,3279.74,393.569,705,10,1722.35,206.682,730,10,7007.73,840.928,760,10,7092.26,851.071,810,10,7902.74,948.328,860,10,8258.47,991.016,900,10,2252.73,270.328,940,10,1480.58,177.67,4.16,97
STELLA-Q2, 2.4.0,6858,Grass,2, Friday, 20240209T193253Z,19.548,20,20,410,10,1753.68,210.441,435,10,1874.22,224.907,460,10,2798.3,335.796,485,10,2137.23,256.467,510,10,2298.31,275.797,535,10,2516.66,301.999,560,10,1815.92,217.911,585,10,1961.75,235.41,610,10,4083.97,490.076,645,10,1439.31,172.717,680,10,4284.92,514.19,705,10,2050.72,246.086,730,10,7206.27,864.753,760,10,7464.15,895.698,810,10,8925.43,1071.05,860,10,9677.77,1161.33,900,10,2391.65,286.998,940,10,1475.29,177.035,4.16,97
STELLA-Q2, 2.4.0,6858,Grass,2, Friday, 20240209T193255Z,19.5486,20,20,410,10,1790.26,214.832,435,10,1907.9,228.948,460,10,2760.23,331.228,485,10,2257.8,270.936,510,10,2268.21,272.185,535,10,2818.84,338.261,560,10,1827.29,219.275,585,10,1961.75,235.41,610,10,3842.39,461.087,645,10,1376.39,165.167,680,10,3708.03,444.963,705,10,1935.26,232.232,730,10,7360.08,883.21,760,10,7653.8,918.457,810,10,8920.6,1070.47,860,10,9503.88,1140.46,900,10,2436.66,292.399,940,10,1500.88,180.105,4.16,97
STELLA-Q2, 2.4.0,6858,Grass,2, Friday, 20240209T193256Z,19.5489,20,20,410,10,1964.7,235.764,435,10,2082.04,249.845,460,10,3046.19,365.543,485,10,2290.92,274.91,510,10,2418.73,290.248,535,10,2544.55,305.345,560,10,1908.64,229.037,585,10,2084.75,250.17,610,10,4008.76,481.051,645,10,1416.36,169.964,680,10,3551.16,426.139,705,10,1981.79,237.814,730,10,8435.18,1012.22,760,10,8829.66,1059.56,810,10,10277.8,1233.33,860,10,10808,1296.96,900,10,2738.4,328.607,940,10,1706.47,204.776,4.16,97
STELLA-Q2, 2.4.0,6858,Grass,2, Friday, 20240209T193258Z,19.5494,20,20,410,10,1984.27,238.112,435,10,2211.93,265.431,460,10,3325.65,399.078,485,10,2491.31,298.957,510,10,2639.06,316.687,535,10,2886.28,346.354,560,10,2122.51,254.701,585,10,2299.59,275.95,610,10,4561.42,547.37,645,10,1596.97,191.637,680,10,3931.97,471.837,705,10,2169.91,260.389,730,10,8697.28,1043.67,760,10,9237.01,1108.44,810,10,10616.2,1273.95,860,10,11545.9,1385.5,900,10,2853.98,342.477,940,10,1762.94,211.552,4.16,97
STELLA-Q2, 2.4.0,6858,Grass,2, Friday, 20240209T193259Z,19.5497,20,20,410,10,1982.56,237.908,435,10,2210.97,265.316,460,10,3363.72,403.646,485,10,2493.01,299.161,510,10,2651.37,318.164,535,10,2906.38,348.766,560,10,2114.64,253.757,585,10,2308.85,277.062,610,10,4497.61,539.713,645,10,1616.96,194.035,680,10,3988.73,478.648,705,10,2202.17,264.261,730,10,8317.46,998.095,760,10,9050.65,1086.08,810,10,10559.8,1267.18,860,10,11582.3,1389.88,900,10,2872.32,344.678,940,10,1731.17,207.741,4.16,97
STELLA-Q2, 2.4.0,6858,Grass,2, Friday, 20240209T193301Z,19.5503,20,20,410,10,2014.05,241.686,435,10,2214.82,265.778,460,10,3342.36,401.083,485,10,2507.44,300.893,510,10,2763.58,331.63,535,10,3023.76,362.851,560,10,2248.03,269.764,585,10,2382.99,285.959,610,10,4350.61,522.073,645,10,1514.44,181.733,680,10,4201.33,504.159,705,10,2486.4,298.368,730,10,8645.49,1037.46,760,10,9005.3,1080.64,810,10,11127.2,1335.26,860,10,11510.6,1381.27,900,10,2801.19,336.142,940,10,1760.29,211.235,4.16,97
STELLA-Q2, 2.4.0,6858,Grass,2, Friday, 20240209T193303Z,19.5508,20,20,410,10,1948.53,233.824,435,10,2031.05,243.726,460,10,3087.04,370.445,485,10,2329.13,279.495,510,10,2452.95,294.354,535,10,2752.7,330.324,560,10,2019.73,242.368,585,10,2159.31,259.117,610,10,4094.22,491.307,645,10,1454.85,174.583,680,10,3928.88,471.465,705,10,2067.36,248.083,730,10,8231.93,987.832,760,10,9112.5,1093.5,810,10,10726.6,1287.2,860,10,11569.4,1388.32,900,10,2877.87,345.344,940,10,1728.53,207.423,4.16,97
STELLA-Q2, 2.4.0,6858,Grass,2, Friday, 20240209T193304Z,19.5511,20,20,410,10,1841.32,220.958,435,10,2013.73,241.648,460,10,3034.12,364.094,485,10,2272.23,272.668,510,10,2474.84,296.981,535,10,2615.23,313.827,560,10,2077.46,249.296,585,10,2181.22,261.746,610,10,4238.94,508.673,645,10,1490.75,178.89,680,10,3590.38,430.845,705,10,2015.06,241.808,730,10,7678.69,921.442,760,10,8259.88,991.185,810,10,10083.5,1210.02,860,10,11179.3,1341.52,900,10,2616.7,314.004,940,10,1599.7,191.964,4.16,97
STELLA-Q2, 2.4.0,6858,Grass,2, Friday, 20240209T193306Z,19.5517,20,20,410,10,1762.19,211.462,435,10,1878.07,225.368,460,10,2954.28,354.513,485,10,2267.14,272.057,510,10,2340.05,280.806,535,10,2517.96,302.155,560,10,1989.12,238.694,585,10,2121.4,254.568,610,10,4228.68,507.442,645,10,1439.68,172.762,680,10,4483.07,537.968,705,10,1983.14,237.977,730,10,7260.42,871.25,760,10,7705.75,924.69,810,10,9435.57,1132.27,860,10,10461.4,1255.37,900,10,2485.56,298.267,940,10,1554.7,186.564,4.15,97
STELLA-Q2, 2.4.0,6858,Grass,2, Friday, 20240209T193307Z,19.5519,20,20,410,10,1777.5,213.3,435,10,1897.31,227.678,460,10,2872.57,344.709,485,10,2307.05,276.846,510,10,2647.27,317.672,535,10,2482.94,297.953,560,10,1980.81,237.697,585,10,2126.03,255.124,610,10,4230.96,507.715,645,10,1504.82,180.578,680,10,3785.43,454.251,705,10,2027.29,243.275,730,10,7153.7,858.443,760,10,7384.99,886.198,810,10,9346.12,1121.53,860,10,9958.57,1195.03,900,10,2403.88,288.465,940,10,1536.17,184.341,4.15,97
STELLA-Q2, 2.4.0,6858,Grass,2, Friday, 20240209T193309Z,19.5525,20,20,410,10,1844.72,221.367,435,10,1895.39,227.447,460,10,2864.22,343.706,485,10,2283.27,273.993,510,10,2309.26,277.111,535,10,2440.79,292.895,560,10,1881.09,225.731,585,10,2050.63,246.076,610,10,4148.92,497.87,645,10,1486.31,178.358,680,10,3857.67,462.92,705,10,1989.26,238.711,730,10,7634.74,916.169,760,10,7904.48,948.537,810,10,9114.82,1093.78,860,10,9939.77,1192.77,900,10,2545.57,305.469,940,10,1618.23,194.188,4.16,97
STELLA-Q2, 2.4.0,6858,Grass,2, Friday, 20240209T193310Z,19.5528,20,20,410,10,1831.11,219.733,435,10,1970.44,236.452,460,10,2963.56,355.627,485,10,2371.58,284.59,510,10,2526.84,303.221,535,10,2635.98,316.317,560,10,2029.35,243.522,585,10,2230.08,267.61,610,10,4584.21,550.105,645,10,1554.78,186.574,680,10,4554.28,546.513,705,10,2208.62,265.035,730,10,7748.53,929.823,760,10,7936.63,952.396,810,10,9753.1,1170.37,860,10,10540.2,1264.82,900,10,2536.68,304.402,940,10,1616.47,193.976,4.16,97
STELLA-Q2, 2.4.0,6858,Grass,2, Friday, 20240209T193312Z,19.5533,20,20,410,10,1606.47,192.777,435,10,1709.7,205.164,460,10,2661.82,319.418,485,10,1996.27,239.553,510,10,2395.47,287.457,535,10,2396.7,287.604,560,10,1855.72,222.687,585,10,1914.99,229.799,610,10,3868.6,464.232,645,10,1247.23,149.668,680,10,3349.92,401.99,705,10,1977.71,237.325,730,10,6814.69,817.762,760,10,7418.8,890.256,810,10,8993.94,1079.27,860,10,10124.2,1214.91,900,10,2386.09,286.331,940,10,1453.23,174.388,4.16,97
STELLA-Q2, 2.4.0,6858,Grass,2, Friday, 20240209T193314Z,19.5539,20,20,410,10,1656.68,198.801,435,10,1693.34,203.201,460,10,2582.9,309.948,485,10,1890.13,226.816,510,10,1954.83,234.58,535,10,2155.47,258.656,560,10,1652.79,198.334,585,10,1714.9,205.788,610,10,3328.48,399.417,645,10,1129.17,135.5,680,10,3005.22,360.627,705,10,1686.69,202.403,730,10,7163.9,859.668,760,10,7324.79,878.975,810,10,8341.96,1001.03,860,10,9103.23,1092.39,900,10,2332.75,279.93,940,10,1507.06,180.847,4.16,97
STELLA-Q2, 2.4.0,6858,Grass,2, Friday, 20240209T193315Z,19.5542,20,20,410,10,1690.71,202.885,435,10,1727.98,207.357,460,10,2618.18,314.182,485,10,1845.13,221.416,510,10,1948.67,233.841,535,10,2143.8,257.256,560,10,1563.56,187.628,585,10,1725.01,207.001,610,10,3272.64,392.717,645,10,1156.19,138.742,680,10,2911.31,349.357,705,10,1639.83,196.779,730,10,7323.2,878.784,760,10,7586.19,910.342,810,10,8387.89,1006.55,860,10,9001.02,1080.12,900,10,2424.99,290.999,940,10,1522.06,182.647,4.16,97
STELLA-Q2, 2.4.0,6858,Grass,2, Friday, 20240209T193317Z,19.5547,20,20,410,10,1260.16,151.22,435,10,1451.85,174.222,460,10,2308.09,276.97,485,10,1438.4,172.608,510,10,1788.56,214.628,535,10,2055.61,246.673,560,10,1385.12,166.215,585,10,1545.13,185.416,610,10,2792.91,335.15,645,10,1037.75,124.53,680,10,2921.63,350.596,705,10,1621.15,194.538,730,10,6920.63,830.475,760,10,7241.51,868.981,810,10,7737.53,928.503,860,10,8629.74,1035.57,900,10,2261.07,271.328,940,10,1274.11,152.894,4.16,97
STELLA-Q2, 2.4.0,6858,Shady Grass,2, Friday, 20240209T193320Z,19.5555,20,20,410,10,417.785,50.134,435,10,441.616,52.994,460,10,836.519,100.382,485,10,422.86,50.743,510,10,455.01,54.601,535,10,507.094,60.851,560,10,365.196,43.824,585,10,405.24,48.629,610,10,753.21,90.385,645,10,255.368,30.644,680,10,978.349,117.402,705,10,471.676,56.601,730,10,1504.35,180.522,760,10,2070.53,248.464,810,10,2181.59,261.791,860,10,2516.67,302,900,10,660.149,79.218,940,10,420.881,50.506,4.16,97
STELLA-Q2, 2.4.0,6858,Shady Grass,2, Friday, 20240209T193321Z,19.5558,20,20,410,10,332.697,39.924,435,10,337.706,40.525,460,10,533.85,64.062,485,10,353.232,42.388,510,10,370.85,44.502,535,10,381.941,45.833,560,10,306.152,36.738,585,10,323.096,38.772,610,10,567.471,68.096,645,10,210.216,25.226,680,10,542.839,65.141,705,10,309.017,37.082,730,10,1250.88,150.105,760,10,1465.29,175.835,810,10,1785.89,214.307,860,10,1995,239.4,900,10,473.996,56.879,940,10,301.764,36.212,4.16,97
STELLA-Q2, 2.4.0,6858,Shady Grass,2, Friday, 20240209T193323Z,19.5564,20,20,410,10,280.792,33.695,435,10,279.979,33.597,460,10,423.366,50.804,485,10,296.342,35.561,510,10,298.322,35.799,535,10,332.01,39.841,560,10,250.17,30.02,585,10,271.704,32.604,610,10,462.637,55.516,645,10,172.836,20.74,680,10,453.054,54.366,705,10,249.251,29.91,730,10,976.218,117.146,760,10,1167.61,140.114,810,10,1461.11,175.333,860,10,1683.65,202.038,900,10,399.535,47.944,940,10,234.705,28.165,4.16,97
STELLA-Q2, 2.4.0,6858,Shady Grass,2, Friday, 20240209T193325Z,19.5569,20,20,410,10,245.906,29.509,435,10,232.835,27.94,460,10,354.662,42.559,485,10,254.735,30.568,510,10,251.111,30.133,535,10,250.953,30.114,560,10,185.441,22.253,585,10,213.151,25.578,610,10,373.756,44.851,645,10,138.787,16.654,680,10,333.34,40.001,705,10,185.071,22.208,730,10,794.158,95.299,760,10,912.816,109.538,810,10,1146.81,137.617,860,10,1305.33,156.639,900,10,318.961,38.275,940,10,194.117,23.294,4.16,97
STELLA-Q2, 2.4.0,6858,Shady Grass,2, Friday, 20240209T193326Z,19.5572,20,20,410,10,240.801,28.896,435,10,234.759,28.171,460,10,358.376,43.005,485,10,251.338,30.161,510,10,251.111,30.133,535,10,256.141,30.737,560,10,190.689,22.883,585,10,213.572,25.629,610,10,360.082,43.21,645,10,136.196,16.344,680,10,326.116,39.134,705,10,185.071,22.208,730,10,780.817,93.698,760,10,921.062,110.527,810,10,1137.94,136.553,860,10,1313.55,157.626,900,10,325.073,39.009,940,10,194.117,23.294,4.16,97
STELLA-Q2, 2.4.0,6858,Shady Grass,2, Friday, 20240209T193328Z,19.5578,20,20,410,10,220.38,26.446,435,10,220.327,26.439,460,10,344.449,41.334,485,10,218.223,26.187,510,10,230.584,27.67,535,10,245.117,29.414,560,10,173.632,20.836,585,10,193.352,23.202,610,10,307.665,36.92,645,10,116.951,14.034,680,10,306.508,36.781,705,10,178.958,21.475,730,10,729.809,87.577,760,10,920.238,110.428,810,10,1113.76,133.652,860,10,1288.88,154.666,900,10,319.517,38.342,940,10,187.941,22.553,4.16,97
STELLA-Q2, 2.4.0,6858,Shady Grass,2, Friday, 20240209T193329Z,19.558,20,20,410,10,239.099,28.692,435,10,242.456,29.095,460,10,372.302,44.676,485,10,236.054,28.327,510,10,248.374,29.805,535,10,266.516,31.982,560,10,180.63,21.676,585,10,205.99,24.719,610,10,315.641,37.877,645,10,125.833,15.1,680,10,333.34,40.001,705,10,193.9,23.268,730,10,810.637,97.276,760,10,983.731,118.048,810,10,1137.94,136.553,860,10,1332.35,159.882,900,10,340.632,40.876,940,10,202.941,24.353,4.16,97
STELLA-Q2, 2.4.0,6858,White Card Shade,3, Friday, 20240209T193736Z,19.6267,20,20,410,10,1097.64,131.717,435,10,1612.52,193.503,460,10,1669.32,200.319,485,10,1623.51,194.821,510,10,1400.61,168.073,535,10,1113.4,133.608,560,10,792.935,95.152,585,10,878.721,105.446,610,10,2015.77,241.893,645,10,706.887,84.826,680,10,1396.31,167.558,705,10,541.629,64.995,730,10,2117.23,254.068,760,10,2149.69,257.963,810,10,2397.58,287.709,860,10,2212.36,265.483,900,10,603.47,72.416,940,10,395.293,47.435,4.16,97
STELLA-Q2, 2.4.0,6858,White Card Shade,3, Friday, 20240209T193737Z,19.6269,20,20,410,10,1110.41,133.249,435,10,1651.97,198.236,460,10,1751.95,210.235,485,10,1644.74,197.369,510,10,1431.4,171.768,535,10,1162.68,139.522,560,10,820.051,98.406,585,10,895.571,107.469,610,10,2065.91,247.909,645,10,721.321,86.558,680,10,1489.2,178.703,705,10,572.531,68.704,730,10,2166.67,260,760,10,2203.29,264.395,810,10,2459.63,295.156,860,10,2304.01,276.481,900,10,620.696,74.483,940,10,404.117,48.494,4.15,97
STELLA-Q2, 2.4.0,6858,White Card Shade,3, Friday, 20240209T193739Z,19.6275,20,20,410,10,1125.72,135.087,435,10,1676.02,201.123,460,10,1787.23,214.468,485,10,1666.81,200.018,510,10,1455.35,174.641,535,10,1197.05,143.646,560,10,831.423,99.771,585,10,913.685,109.642,610,10,2104.66,252.559,645,10,736.495,88.379,680,10,1434.5,172.14,705,10,572.87,68.744,730,10,2216.11,265.933,760,10,2262.66,271.52,810,10,2530.55,303.666,860,10,2338.08,280.569,900,10,638.478,76.617,940,10,416.47,49.976,4.16,97
STELLA-Q2, 2.4.0,6858,White Card Shade,3, Friday, 20240209T193741Z,19.628,20,20,410,10,1139.34,136.72,435,10,1751.07,210.128,460,10,2033.27,243.992,485,10,1685.5,202.26,510,10,1513.5,181.621,535,10,1353.98,162.477,560,10,893.528,107.223,585,10,940.644,112.877,610,10,2136.56,256.387,645,10,747.598,89.712,680,10,1763.71,211.645,705,10,673.726,80.847,730,10,2262.41,271.489,760,10,2309.66,277.16,810,10,2570.85,308.502,860,10,2580.11,309.613,900,10,655.148,78.618,940,10,428.823,51.459,4.16,97
STELLA-Q2, 2.4.0,6858,White Card Shade,3, Friday, 20240209T193742Z,19.6283,20,20,410,10,1150.4,138.048,435,10,1768.39,212.207,460,10,2058.34,247.001,485,10,1711.82,205.418,510,10,1533.35,184.002,535,10,1394.18,167.302,560,10,909.71,109.165,585,10,957.916,114.95,610,10,2160.49,259.259,645,10,757.59,90.911,680,10,1802.93,216.351,705,10,685.95,82.314,730,10,2304,276.48,760,10,2361.61,283.394,810,10,2608.73,313.047,860,10,2610.66,313.279,900,10,672.93,80.752,940,10,437.646,52.518,4.16,97
STELLA-Q2, 2.4.0,6858,White Card Shade,3, Friday, 20240209T193744Z,19.6289,20,20,410,10,1181.88,141.826,435,10,1815.53,217.864,460,10,2108.47,253.017,485,10,1755.12,210.615,510,10,1575.09,189.01,535,10,1431.79,171.815,560,10,939.888,112.787,585,10,988.245,118.589,610,10,2231.14,267.737,645,10,783.867,94.064,680,10,1840.08,220.81,705,10,707.344,84.881,730,10,2376.19,285.143,760,10,2445.72,293.486,810,10,2715.11,325.813,860,10,2701.13,324.135,900,10,695.713,83.486,940,10,454.411,54.529,4.15,97
STELLA-Q2, 2.4.0,6858,White Card Shade,3, Friday, 20240209T193745Z,19.6292,20,20,410,10,1198.05,143.766,435,10,1833.81,220.058,460,10,2139.11,256.693,485,10,1768.71,212.245,510,10,1603.14,192.377,535,10,1457.73,174.928,560,10,954.321,114.518,585,10,1005.52,120.662,610,10,2269.88,272.386,645,10,795.71,95.485,680,10,1881.36,225.763,705,10,723.304,86.796,730,10,2442.11,293.054,760,10,2507.56,300.908,810,10,2788.44,334.613,860,10,2799.82,335.978,900,10,715.717,85.886,940,10,467.646,56.118,4.16,97
STELLA-Q2, 2.4.0,6858,White Card Shade,3, Friday, 20240209T193747Z,19.6297,20,20,410,10,1200.6,144.072,435,10,1833.81,220.058,460,10,2143.75,257.25,485,10,1780.6,213.672,510,10,1599.03,191.884,535,10,1446.06,173.527,560,10,953.446,114.414,585,10,1011.41,121.37,610,10,2299.51,275.941,645,10,807.184,96.862,680,10,1900.97,228.116,705,10,727.719,87.326,730,10,2484.49,298.139,760,10,2552.92,306.35,810,10,2835.19,340.222,860,10,2839.77,340.772,900,10,731.276,87.753,940,10,474.705,56.965,4.16,97
STELLA-Q2, 2.4.0,6858,White Card Shade,3, Friday, 20240209T193748Z,19.63,20,20,410,10,1202.3,144.276,435,10,1835.74,220.288,460,10,2144.68,257.362,485,10,1778.9,213.468,510,10,1607.24,192.869,535,10,1440.87,172.905,560,10,955.633,114.676,585,10,1015.63,121.875,610,10,2310.91,277.309,645,10,810.884,97.306,680,10,1947.41,233.689,705,10,735.529,88.263,730,10,2504.11,300.493,760,10,2566.11,307.933,810,10,2848.08,341.77,860,10,2863.26,343.592,900,10,734.055,88.087,940,10,477.352,57.282,4.16,97
STELLA-Q2, 2.4.0,6858,White Card Shade,3, Friday, 20240209T193750Z,19.6305,20,20,410,10,1204,144.48,435,10,1839.59,220.75,460,10,2162.32,259.479,485,10,1779.75,213.57,510,10,1604.51,192.541,535,10,1459.03,175.083,560,10,953.884,114.466,585,10,1016.05,121.926,610,10,2302.93,276.352,645,10,809.034,97.084,680,10,1923.67,230.841,705,10,733.152,87.978,730,10,2493.91,299.269,760,10,2564.46,307.735,810,10,2843.24,341.189,860,10,2852.69,342.323,900,10,734.055,88.087,940,10,478.234,57.388,4.16,97
STELLA-Q2, 2.4.0,6858,White Card Shade,3, Friday, 20240209T193752Z,19.6311,20,20,410,10,1207.41,144.889,435,10,1844.4,221.328,460,10,2151.18,258.142,485,10,1781.45,213.774,510,10,1610.67,193.28,535,10,1451.25,174.15,560,10,954.759,114.571,585,10,1017.31,122.077,610,10,2284.7,274.164,645,10,810.884,97.306,680,10,1898.9,227.869,705,10,729.077,87.489,730,10,2495.48,299.457,760,10,2565.29,307.834,810,10,2844.05,341.286,860,10,2846.82,341.618,900,10,736.277,88.353,940,10,478.234,57.388,4.15,97
STELLA-Q2, 2.4.0,6858,White Card Shade,3, Friday, 20240209T193753Z,19.6314,20,20,410,10,1206.56,144.787,435,10,1843.43,221.212,460,10,2160.47,259.256,485,10,1791.64,214.996,510,10,1622.98,194.758,535,10,1455.79,174.694,560,10,963.943,115.673,585,10,1021.52,122.583,610,10,2306.35,276.762,645,10,811.625,97.395,680,10,2012.43,241.491,705,10,745.716,89.486,730,10,2494.69,299.363,760,10,2582.6,309.912,810,10,2855.33,342.64,860,10,2869.14,344.297,900,10,736.833,88.42,940,10,478.234,57.388,4.16,97
STELLA-Q2, 2.4.0,6858,White Card Shade,3, Friday, 20240209T193755Z,19.6319,20,20,410,10,1209.96,145.195,435,10,1845.36,221.443,460,10,2153.97,258.476,485,10,1799.28,215.913,510,10,1618.19,194.183,535,10,1468.75,176.251,560,10,967.442,116.093,585,10,1026.58,123.189,610,10,2318.88,278.266,645,10,815.326,97.839,680,10,1961.86,235.423,705,10,740.283,88.834,730,10,2507.25,300.87,760,10,2582.6,309.912,810,10,2866.62,343.994,860,10,2877.36,345.284,900,10,739.611,88.753,940,10,479.117,57.494,4.16,97
STELLA-Q2, 2.4.0,6858,White Card Shade,3, Friday, 20240209T193756Z,19.6322,20,20,410,10,1223.57,146.829,435,10,1868.45,224.214,460,10,2186.46,262.375,485,10,1815.41,217.849,510,10,1643.51,197.221,535,10,1488.86,178.663,560,10,975.314,117.038,585,10,1035.42,124.251,610,10,2340.53,280.864,645,10,821.617,98.594,680,10,1960.83,235.299,705,10,755.564,90.668,730,10,2523.73,302.847,760,10,2597.44,311.693,810,10,2886.76,346.412,860,10,2894.99,347.398,900,10,744.613,89.353,940,10,482.646,57.918,4.16,97
STELLA-Q2, 2.4.0,6858,White Card Shade,3, Friday, 20240209T193758Z,19.6328,20,20,410,10,1215.92,145.91,435,10,1857.87,222.944,460,10,2183.68,262.041,485,10,1808.62,217.034,510,10,1638.72,196.646,535,10,1487.56,178.507,560,10,975.752,117.09,585,10,1034.58,124.15,610,10,2335.97,280.317,645,10,820.137,98.416,680,10,1978.37,237.404,705,10,749.112,89.893,730,10,2519.8,302.376,760,10,2595.8,311.495,810,10,2889.18,346.702,860,10,2889.11,346.694,900,10,745.168,89.42,940,10,482.646,57.918,4.15,97
STELLA-Q2, 2.4.0,6858,White Card Shade,3, Friday, 20240209T193759Z,19.633,20,20,410,10,1208.26,144.991,435,10,1848.24,221.789,460,10,2170.68,260.481,485,10,1797.58,215.71,510,10,1629.82,195.579,535,10,1504.42,180.53,560,10,962.194,115.463,585,10,1022.79,122.734,610,10,2301.79,276.215,645,10,810.514,97.262,680,10,2027.91,243.349,705,10,755.225,90.627,730,10,2495.48,299.457,760,10,2585.9,310.308,810,10,2860.97,343.317,860,10,2882.06,345.847,900,10,741.278,88.953,940,10,479.117,57.494,4.16,97
STELLA-Q2, 2.4.0,6858,White Card Shade,3, Friday, 20240209T193801Z,19.6336,20,20,410,10,1199.75,143.97,435,10,1820.34,218.441,460,10,2123.33,254.799,485,10,1782.29,213.875,510,10,1603.82,192.459,535,10,1449.95,173.994,560,10,952.134,114.256,585,10,1016.47,121.976,610,10,2313.18,277.582,645,10,807.184,96.862,680,10,1926.77,231.212,705,10,734.171,88.1,730,10,2489.98,298.798,760,10,2565.29,307.834,810,10,2860.97,343.317,860,10,2870.31,344.438,900,10,739.056,88.687,940,10,478.234,57.388,4.16,97
STELLA-Q2, 2.4.0,6858,White Card Shade,3, Friday, 20240209T193803Z,19.6342,20,20,410,10,1215.92,145.91,435,10,1833.81,220.058,460,10,2095.48,251.457,485,10,1802.67,216.321,510,10,1617.51,194.101,535,10,1462.92,175.55,560,10,962.194,115.463,585,10,1025.74,123.088,610,10,2317.74,278.129,645,10,818.287,98.194,680,10,2154.84,258.581,705,10,744.698,89.364,730,10,2513.52,301.623,760,10,2623.83,314.86,810,10,2878.7,345.444,860,10,2954.91,354.589,900,10,751.281,90.154,940,10,479.117,57.494,4.16,97
STELLA-Q2, 2.4.0,6858,White Card Shade,3, Friday, 20240209T193804Z,19.6344,20,20,410,10,1209.11,145.093,435,10,1822.27,218.672,460,10,2097.33,251.68,485,10,1792.48,215.098,510,10,1609.98,193.198,535,10,1466.81,176.017,560,10,952.572,114.309,585,10,1019,122.28,610,10,2310.91,277.309,645,10,811.995,97.439,680,10,2003.14,240.377,705,10,750.81,90.097,730,10,2500.18,300.022,760,10,2605.69,312.683,810,10,2867.42,344.091,860,10,2902.04,348.244,900,10,746.835,89.62,940,10,478.234,57.388,4.15,97
STELLA-Q2, 2.4.0,6858,Mud Bank,23, Wednesday, 20240207T202638Z,20.4439,20,20,410,10,895.133,107.416,435,10,947.695,113.723,460,10,960.929,115.311,485,10,853.362,102.403,510,10,704.067,84.488,535,10,555.079,66.61,560,10,356.012,42.721,585,10,536.247,64.35,610,10,1416.4,169.968,645,10,649.892,77.987,680,10,905.076,108.609,705,10,359.275,43.113,730,10,2107.03,252.843,760,10,1410.87,169.304,810,10,1413.56,169.628,860,10,1259.51,151.141,900,10,462.882,55.546,940,10,527.646,63.318,4.16,98
STELLA-Q2, 2.4.0,6858,Mud Bank,23, Wednesday, 20240207T202639Z,20.4442,20,20,410,10,882.369,105.884,435,10,949.619,113.954,460,10,991.567,118.988,485,10,888.176,106.581,510,10,717.752,86.13,535,10,560.267,67.232,560,10,347.264,41.672,585,10,537.932,64.552,610,10,1377.65,165.319,645,10,668.027,80.163,680,10,814.259,97.711,705,10,330.071,39.609,730,10,2080.35,249.642,760,10,1387.78,166.533,810,10,1384.55,166.146,860,10,1174.91,140.99,900,10,461.215,55.346,940,10,521.469,62.576,4.16,98
STELLA-Q2, 2.4.0,6858,Mud Bank,23, Wednesday, 20240207T202641Z,20.4447,20,20,410,10,973.414,116.81,435,10,1046.79,125.615,460,10,1076.98,129.238,485,10,1047.81,125.737,510,10,821.754,98.61,535,10,528.493,63.419,560,10,385.752,46.29,585,10,658.409,79.009,610,10,1798.13,215.776,645,10,764.992,91.799,680,10,964.933,115.792,705,10,306.64,36.797,730,10,2379.33,285.52,760,10,1613.71,193.646,810,10,1849.56,221.947,860,10,1164.34,139.721,900,10,506.781,60.814,940,10,588.528,70.623,4.16,98
STELLA-Q2, 2.4.0,6858,Mud Bank,23, Wednesday, 20240207T202642Z,20.445,20,20,410,10,954.695,114.563,435,10,975.596,117.072,460,10,847.66,101.719,485,10,1055.45,126.654,510,10,712.278,85.473,535,10,495.421,59.451,560,10,331.957,39.835,585,10,554.782,66.574,610,10,1722.92,206.751,645,10,669.507,80.341,680,10,619.208,74.305,705,10,283.549,34.026,730,10,2045.03,245.404,760,10,1253.37,150.404,810,10,1486.9,178.428,860,10,1111.47,133.376,900,10,405.091,48.611,940,10,545.293,65.435,4.16,98
STELLA-Q2, 2.4.0,6858,Mud Bank,23, Wednesday, 20240207T202644Z,20.4455,20,20,410,10,901.94,108.233,435,10,839.936,100.792,460,10,813.308,97.597,485,10,836.38,100.366,510,10,646.592,77.591,535,10,582.963,69.956,560,10,316.212,37.945,585,10,509.709,61.165,610,10,1409.56,169.147,645,10,628.426,75.411,680,10,921.588,110.591,705,10,491.371,58.965,730,10,1986.96,238.436,760,10,1499.1,179.892,810,10,1415.17,169.821,860,10,1695.4,203.448,900,10,512.338,61.481,940,10,463.234,55.588,4.16,98
STELLA-Q2, 2.4.0,6858,Mud Bank,23, Wednesday, 20240207T202645Z,20.4458,20,20,410,10,952.142,114.257,435,10,858.217,102.986,460,10,858.802,103.056,485,10,1086.02,130.322,510,10,727.331,87.28,535,10,582.963,69.956,560,10,393.625,47.235,585,10,609.966,73.196,610,10,1913.22,229.586,645,10,730.203,87.624,680,10,881.34,105.761,705,10,413.947,49.674,730,10,2169.02,260.283,760,10,1373.76,164.851,810,10,1868.1,224.171,860,10,1532.09,183.85,900,10,483.998,58.08,940,10,489.705,58.765,4.16,98
STELLA-Q2, 2.4.0,6858,Mud Bank,23, Wednesday, 20240207T202647Z,20.4464,20,20,410,10,768.351,92.202,435,10,722.557,86.707,460,10,789.169,94.7,485,10,782.036,93.844,510,10,655.487,78.658,535,10,588.799,70.656,560,10,448.732,53.848,585,10,517.712,62.125,610,10,1329.8,159.576,645,10,576.983,69.238,680,10,1089.81,130.777,705,10,569.135,68.296,730,10,1869.25,224.31,760,10,1579.08,189.49,810,10,2008.32,240.999,860,10,2463.79,295.655,900,10,511.227,61.347,940,10,414.705,49.765,4.16,98
STELLA-Q2, 2.4.0,6858,Mud Bank,23, Wednesday, 20240207T202649Z,20.4469,20,20,410,10,635.612,76.273,435,10,692.731,83.128,460,10,887.583,106.51,485,10,640.234,76.828,510,10,624.013,74.882,535,10,703.576,84.429,560,10,373.943,44.873,585,10,438.518,52.622,610,10,1075.69,129.083,645,10,437.456,52.495,680,10,1052.65,126.318,705,10,604.112,72.493,730,10,1461.19,175.342,760,10,1470.24,176.428,810,10,1485.29,178.235,860,10,1852.84,222.341,900,10,539.01,64.681,940,10,454.411,54.529,4.16,98
STELLA-Q2, 2.4.0,6858,Mud Bank,23, Wednesday, 20240207T202650Z,20.4472,20,20,410,10,599.024,71.883,435,10,557.071,66.849,460,10,573.772,68.853,485,10,671.651,80.598,510,10,481.694,57.803,535,10,416.958,50.035,560,10,418.117,50.174,585,10,441.467,52.976,610,10,1150.9,138.107,645,10,456.701,54.804,680,10,888.564,106.628,705,10,496.465,59.576,730,10,1676.99,201.239,760,10,1281.41,153.769,810,10,2195.29,263.435,860,10,2405.05,288.606,900,10,362.86,43.543,940,10,331.764,39.812,4.16,98
STELLA-Q2, 2.4.0,6858,Mud Bank,23, Wednesday, 20240207T202652Z,20.4478,20,20,410,10,559.032,67.084,435,10,553.223,66.387,460,10,648.047,77.766,485,10,463.618,55.634,510,10,444.062,53.287,535,10,536.274,64.353,560,10,354.7,42.564,585,10,319.305,38.317,610,10,698.513,83.822,645,10,339.38,40.726,680,10,687.321,82.479,705,10,421.418,50.57,730,10,1223.41,146.809,760,10,1057.12,126.854,810,10,1092.81,131.137,860,10,1884.56,226.147,900,10,416.761,50.011,940,10,343.234,41.188,4.16,98
STELLA-Q2, 2.4.0,6858,Mud Bank,23, Wednesday, 20240207T202653Z,20.448,20,20,410,10,653.481,78.418,435,10,665.792,79.895,460,10,921.007,110.521,485,10,658.065,78.968,510,10,565.854,67.902,535,10,594.635,71.356,560,10,347.702,41.724,585,10,426.723,51.207,610,10,1068.85,128.262,645,10,495.931,59.512,680,10,783.298,93.996,705,10,497.484,59.698,730,10,1819.81,218.378,760,10,1493.32,179.199,810,10,1572.33,188.679,860,10,1575.56,189.067,900,10,508.448,61.014,940,10,459.705,55.165,4.16,98
STELLA-Q2, 2.4.0,6858,Mud Bank,23, Wednesday, 20240207T202655Z,20.4486,20,20,410,10,635.612,76.273,435,10,668.678,80.241,460,10,815.165,97.82,485,10,678.444,81.413,510,10,594.591,71.351,535,10,607.604,72.913,560,10,346.827,41.619,585,10,481.064,57.728,610,10,1252.31,150.277,645,10,458.921,55.071,680,10,863.796,103.655,705,10,462.847,55.542,730,10,1771.94,212.633,760,10,1656.59,198.791,810,10,1861.65,223.398,860,10,1869.29,224.314,900,10,552.903,66.348,940,10,438.528,52.623,4.16,98
STELLA-Q2, 2.4.0,6858,Mud Bank,23, Wednesday, 20240207T202656Z,20.4489,20,20,410,10,666.244,79.949,435,10,733.14,87.977,460,10,906.152,108.738,485,10,738.731,88.648,510,10,669.856,80.383,535,10,687.365,82.484,560,10,419.429,50.331,585,10,525.716,63.086,610,10,1207.87,144.944,645,10,505.554,60.666,680,10,1097.03,131.644,705,10,553.854,66.462,730,10,1806.47,216.777,760,10,1728.33,207.4,810,10,1988.98,238.678,860,10,2268.76,272.251,900,10,561.238,67.349,940,10,441.176,52.941,4.16,98
STELLA-Q2, 2.4.0,6858,Mud Bank,23, Wednesday, 20240207T202658Z,20.4494,20,20,410,10,553.927,66.471,435,10,545.526,65.463,460,10,648.047,77.766,485,10,722.598,86.712,510,10,572.012,68.641,535,10,576.478,69.177,560,10,436.049,52.326,585,10,490.331,58.84,610,10,1308.15,156.977,645,10,477.796,57.336,680,10,937.069,112.448,705,10,494.428,59.331,730,10,1595.38,191.445,760,10,1523.83,182.86,810,10,1826.99,219.239,860,10,1984.43,238.131,900,10,519.562,62.347,940,10,338.823,40.659,4.16,98
STELLA-Q2, 2.4.0,6858,Mud Bank,23, Wednesday, 20240207T202700Z,20.45,20,20,410,10,459.479,55.137,435,10,501.268,60.152,460,10,718.608,86.233,485,10,557.869,66.944,510,10,517.274,62.073,535,10,618.628,74.235,560,10,397.998,47.76,585,10,405.24,48.629,610,10,889.949,106.794,645,10,307.181,36.862,680,10,889.596,106.751,705,10,506.313,60.758,730,10,1235.18,148.222,760,10,1471.88,176.626,810,10,1776.22,213.147,860,10,2206.49,264.779,900,10,520.117,62.414,940,10,325.588,39.07,4.16,98